,,,,2024,2025,2026,비고
전사 Engagement Score,72%,54%,52%,38%,43%,41%,"고객솔루션본부CE, DataControl빼면 34% 로 하락"
Data Control,73%,52%,55%,-%,41%,68%,
DT운영본부,75%,75%,75%,-%,35%,12%,
Digital Sales,71%,57%,57%,-%,35%,20%,
DT혁신본부/CISO,67%,61%,61%,-%,35%,33%,
GA영업본부,72%,69%,69%,-%,45%,29%,
경영관리본부,76%,73%,74%,-%,50%,37%,
계리RM본부,79%,75%,75%,-%,45%,39%,
계약서비스본부,0%,79%,79%,-%,36%,38%,
고객경험혁신본부CE,72%,55%,55%,-%,36%,92%,
고객경험혁신본부본사,0%,52%,15%,-%,36%,38%,
고객솔루션본부UW,0%,15%,37%,-%,42%,17%,
고객솔루션본부상품/헬스,0%,37%,54%,-%,42%,40%,
대면영업지원본부,,,,-%,45%,49%,
법무/준법/감사/대외협력,72%,53%,64%,-%,54%,46%,
소비자보호본부,76%,64%,64%,-%,54%,19%,
인사관리부문,0%,64%,53%,-%,53%,54%,
재무관리회계투자본부,66%,53%,0%,-%,45%,41%,
채널전략본부,70%,0%,0%,-%,41%,31%,

No,질문,Benchmark Medallia,Benchmark Chubb APAC,Benchmark Favourability,2024,,,,,,2025,,,,,,2026,,,,,,DataControl,,,,,,DigitalSales,,,,,,DT운영본부,,,,,,DT혁신본부/CISO,,,,,,GA영업본부,,,,,,경영관리본부,,,,,,계리RM본부,,,,,,계약서비스본부,,,,,,고객경험혁신본부CE,,,,,,고객경험혁신본부본사,,,,,,고객솔루션본부UW,,,,,,고객솔루션본부상품/헬스,,,,,,대면영업지원본부,,,,,,법무/준법/감사/대외협력,,,,,,소비자보호본부,,,,,,인사관리부문,,,,,,재무관리회계투자본부,,,,,,채널전략본부,,,,,
,,,,,Fav,5,4,3,2,1,Fav,5,4,3,2,1,Fav,5,4,3,2,1,FAV,5,4,3,2,1,FAV,5,4,3,2,1,FAV,5,4,3,2,1,FAV,5,4,3,2,1,FAV,5,4,3,2,1,FAV,5,4,3,2,1,FAV,5,4,3,2,1,FAV,5,4,3,2,1,FAV,5,4,3,2,1,FAV,5,4,3,2,1,FAV,5,4,3,2,1,FAV,5,4,3,2,1,FAV,5,4,3,2,1,FAV,5,4,3,2,1,FAV,5,4,3,2,1,FAV,5,4,3,2,1,FAV,5,4,3,2,1,FAV,5,4,3,2,1
1,나는 우리 회사를 일하기 좋은 회사로 추천할 의향이 있다.,72%,54%,52%,52%,17%,35%,37%,8%,3%,64%,20%,44%,24%,9%,3%,55%,23%,32%,29%,11%,5%,84%,42%,42%,16%,0%,0%,25%,15%,10%,35%,25%,15%,31%,10%,21%,36%,19%,14%,38%,18%,21%,31%,28%,3%,47%,16%,32%,26%,16%,11%,42%,13%,29%,42%,16%,0%,56%,19%,36%,33%,6%,6%,62%,15%,47%,25%,7%,5%,92%,85%,8%,6%,0%,2%,48%,19%,29%,43%,10%,0%,35%,6%,29%,37%,14%,14%,61%,14%,47%,19%,21%,0%,66%,23%,43%,23%,9%,3%,62%,19%,43%,22%,8%,8%,48%,14%,33%,43%,5%,5%,73%,23%,50%,27%,0%,0%,57%,17%,39%,33%,9%,2%,38%,12%,27%,50%,8%,4%
2,나는 우리 회사에서 일하는 것이 자랑스럽다.,73%,52%,55%,55%,16%,39%,36%,8%,1%,66%,23%,43%,28%,5%,1%,61%,25%,36%,32%,5%,2%,74%,37%,37%,21%,5%,0%,40%,15%,25%,45%,10%,5%,45%,12%,33%,40%,7%,7%,51%,10%,41%,44%,3%,3%,61%,24%,37%,24%,13%,3%,58%,13%,45%,37%,5%,0%,47%,17%,31%,44%,3%,6%,54%,16%,38%,40%,4%,2%,95%,86%,9%,3%,0%,2%,57%,24%,33%,29%,14%,0%,46%,9%,37%,40%,11%,3%,63%,12%,51%,23%,14%,0%,71%,29%,43%,26%,0%,3%,70%,27%,43%,19%,5%,5%,52%,14%,38%,43%,5%,0%,73%,31%,42%,27%,0%,0%,50%,17%,33%,43%,4%,2%,54%,12%,42%,42%,0,4%
3,나에게 주어진 일은 개인적인 성취감을 가질 수 있도록 해준다.,71%,57%,57%,57%,16%,41%,28%,11%,4%,63%,20%,43%,26%,6%,5%,61%,25%,36%,25%,10%,5%,84%,37%,47%,11%,0%,5%,40%,20%,20%,45%,0%,15%,36%,7%,29%,33%,10%,21%,38%,13%,26%,44%,15%,3%,55%,21%,34%,21%,16%,8%,53%,16%,37%,29%,16%,3%,69%,14%,56%,25%,3%,3%,60%,18%,42%,22%,15%,4%,95%,85%,11%,3%,0%,2%,57%,24%,33%,29%,10%,5%,38%,9%,29%,40%,17%,6%,65%,23%,42%,21%,7%,7%,74%,26%,49%,17%,3%,6%,68%,22%,46%,11%,16%,5%,48%,14%,33%,43%,10%,0%,69%,42%,27%,15%,15%,0%,65%,15%,50%,22%,13%,0%,46%,4%,42%,50%,4%,0%
4,나는 우리 회사에서 앞으로 최소 12개월 이상 더 근무할 의향이 있다.,75%,75%,75%,75%,35%,40%,20%,3%,2%,80%,40%,40%,14%,3%,3%,71%,38%,33%,22%,5%,3%,89%,53%,37%,5%,0%,5%,45%,20%,25%,35%,5%,15%,60%,21%,38%,31%,5%,5%,56%,28%,28%,28%,13%,3%,68%,34%,34%,18%,11%,3%,68%,29%,39%,26%,3%,3%,75%,25%,50%,19%,3%,3%,78%,33%,45%,18%,2%,2%,95%,86%,8%,5%,0%,2%,62%,43%,19%,29%,10%,0%,37%,14%,23%,46%,14%,3%,72%,37%,35%,23%,5%,0%,83%,40%,43%,11%,3%,3%,81%,46%,35%,14%,0%,5%,67%,33%,33%,24%,10%,0%,69%,42%,27%,27%,4%,0%,67%,30%,37%,26%,2%,4%,73%,42%,31%,19%,4%,4%
5,조직 내에서 나의 의견은 존중받는다.,67%,61%,61%,61%,22%,39%,27%,8%,4%,72%,23%,49%,19%,6%,3%,67%,29%,38%,22%,6%,4%,95%,47%,47%,0%,0%,5%,50%,15%,35%,30%,10%,10%,43%,12%,31%,33%,10%,14%,62%,13%,49%,26%,5%,8%,45%,16%,29%,37%,13%,5%,74%,16%,58%,21%,0%,5%,81%,28%,53%,14%,3%,3%,62%,18%,44%,27%,11%,0%,95%,86%,9%,3%,0%,2%,53%,43%,10%,38%,10%,0%,43%,3%,40%,40%,14%,3%,70%,21%,49%,19%,9%,2%,66%,31%,34%,23%,6%,6%,84%,38%,46%,8%,3%,5%,52%,14%,38%,43%,5%,0%,73%,42%,31%,27%,0%,0%,74%,28%,46%,17%,9%,0%,69%,19%,50%,19%,8%,4%
6,나는 내 업무를 효과적으로 수행하기 위해 필요한 자료에 접근할 수 있는 권한이 있다.,72%,69%,69%,69%,18%,51%,21%,9%,1%,69%,18%,51%,22%,7%,2%,69%,26%,43%,22%,6%,2%,89%,42%,47%,11%,0%,0%,50%,25%,25%,30%,15%,5%,60%,12%,48%,26%,5%,10%,56%,10%,46%,28%,13%,3%,42%,11%,32%,37%,13%,8%,66%,21%,45%,26%,5%,3%,67%,33%,33%,28%,3%,3%,86%,24%,62%,11%,4%,0%,95%,86%,9%,3%,0%,2%,67%,29%,38%,29%,5%,0%,55%,6%,49%,40%,3%,3%,72%,19%,53%,19%,5%,5%,69%,14%,54%,26%,3%,3%,65%,24%,41%,16%,19%,0%,57%,14%,43%,43%,0%,0%,73%,19%,54%,23%,4%,0%,78%,20%,59%,17%,4%,0%,73%,19%,54%,23%,4%,0%
7,나는 내 업무가 우리 회사의 목표에 어떻게 기여하는지 이해하고 있다.,76%,73%,74%,74%,21%,53%,20%,4%,2%,80%,28%,52%,18%,1%,1%,78%,32%,46%,18%,2%,2%,89%,47%,42%,11%,0%,0%,70%,25%,45%,15%,5%,10%,62%,14%,48%,29%,2%,7%,64%,13%,51%,33%,0%,3%,76%,34%,42%,24%,0%,0%,87%,21%,66%,8%,3%,3%,75%,22%,53%,17%,3%,6%,83%,25%,58%,16%,0%,0%,88%,19%,69%,12%,0%,2%,71%,38%,33%,24%,5%,0%,57%,6%,51%,34%,6%,3%,77%,33%,44%,21%,2%,0%,86%,31%,54%,6%,6%,3%,70%,30%,41%,22%,5%,3%,62%,14%,48%,33%,5%,0%,77%,38%,38%,19%,4%,0%,85%,30%,54%,13%,2%,0%,88%,19%,69%,12%,0%,0%
8,나는 나에게 기대되는 역할에 대해 명확하게 이해하고 있다.,79%,75%,75%,75%,25%,50%,18%,4%,3%,79%,27%,52%,16%,3%,2%,75%,33%,42%,19%,4%,2%,79%,58%,21%,21%,0%,0%,50%,25%,25%,30%,10%,10%,55%,21%,33%,36%,2%,7%,69%,13%,56%,21%,8%,3%,79%,29%,50%,18%,3%,0%,87%,24%,63%,8%,3%,3%,72%,19%,53%,25%,0%,3%,85%,27%,58%,11%,2%,2%,97%,89%,8%,2%,0%,2%,66%,33%,33%,29%,0%,5%,55%,6%,49%,31%,9%,6%,77%,35%,42%,21%,2%,0%,83%,29%,54%,9%,6%,3%,76%,35%,41%,11%,11%,3%,57%,14%,43%,43%,0%,0%,69%,46%,23%,27%,4%,0%,67%,28%,39%,24%,7%,2%,77%,19%,58%,12%,12%,0%
9,나는 우리 회사에서 나의 역할을 수행하는데 적절한 행동이 무엇인지 이해하고 있다.,0%,79%,79%,79%,23%,56%,17%,3%,1%,84%,26%,58%,14%,1%,1%,79%,30%,49%,16%,3%,1%,89%,47%,42%,5%,5%,0%,60%,15%,45%,20%,15%,5%,24%,61%,21%,40%,31%,2%,62%,10%,51%,28%,10%,0%,87%,24%,63%,11%,3%,0%,92%,16%,76%,5%,0%,3%,81%,22%,58%,17%,0%,3%,87%,25%,62%,9%,4%,0%,97%,89%,8%,2%,0%,2%,77%,29%,48%,19%,0%,5%,17%,6%,11%,49%,31%,3%,72%,30%,42%,26%,2%,0%,89%,20%,69%,9%,0%,3%,86%,35%,51%,11%,3%,0%,67%,14%,52%,33%,0%,0%,81%,46%,35%,15%,4%,0%,76%,26%,50%,22%,2%,0%,85%,15%,69%,12%,4%,0%
10,나의 업무를 잘 수행하기 위해 필요한 스킬을 배울 수 있는 기회가 있다.,72%,55%,55%,55%,12%,43%,33%,7%,5%,54%,15%,39%,30%,12%,4%,55%,21%,34%,27%,10%,7%,79%,32%,47%,21%,0%,0%,45%,15%,30%,15%,20%,20%,36%,7%,29%,38%,12%,14%,44%,3%,41%,26%,18%,13%,39%,5%,34%,32%,21%,8%,55%,13%,42%,26%,16%,3%,67%,19%,47%,22%,6%,6%,58%,18%,40%,20%,15%,7%,94%,86%,8%,5%,0%,2%,48%,24%,24%,38%,10%,5%,26%,3%,23%,54%,11%,9%,59%,19%,40%,21%,7%,14%,57%,6%,51%,34%,3%,6%,59%,24%,35%,32%,5%,3%,52%,5%,48%,33%,5%,10%,65%,35%,31%,19%,12%,4%,52%,13%,39%,33%,15%,0%,42%,12%,31%,46%,12%,0%
11,나는 회사에서 개인적인 웰빙과 관련하여 필요할 때 편하게 지원을 요청할 수 있다. (2026 NEW),0%,52%,15%,15%,4%,11%,23%,41%,21%,36%,12%,24%,23%,24%,17%,55%,24%,31%,29%,10%,6%,95%,47%,47%,5%,0%,5%,35%,25%,10%,30%,20%,15%,43%,14%,29%,31%,10%,17%,49%,10%,38%,36%,8%,8%,26%,5%,21%,39%,24%,11%,63%,21%,42%,21%,16%,0%,47%,14%,33%,42%,6%,6%,45%,20%,25%,36%,15%,4%,94%,86%,8%,3%,2%,2%,66%,33%,33%,19%,10%,5%,29%,6%,23%,31%,23%,17%,51%,9%,42%,33%,14%,2%,49%,14%,34%,37%,11%,3%,65%,14%,51%,30%,0%,5%,38%,14%,24%,52%,5%,5%,69%,35%,35%,31%,0%,0%,59%,17%,41%,28%,9%,4%,58%,15%,42%,35%,4%,4%
12,우리 회사는 개인적인 웰빙에 도움이 되는 가이드와 실질적인 프로그램을 제공한다. (2026 NEW),0%,15%,37%,37%,9%,28%,39%,15%,9%,48%,12%,36%,30%,15%,7%,63%,25%,38%,27%,6%,4%,89%,37%,53%,11%,0%,0%,65%,25%,40%,25%,0%,10%,52%,19%,33%,31%,12%,5%,74%,21%,54%,21%,3%,3%,24%,3%,21%,37%,26%,13%,74%,21%,53%,24%,3%,0%,56%,11%,44%,36%,3%,6%,53%,18%,35%,35%,9%,4%,95%,85%,11%,3%,0%,2%,76%,33%,43%,14%,10%,0%,31%,14%,17%,43%,14%,11%,63%,14%,49%,30%,7%,0%,63%,14%,49%,34%,0%,3%,81%,19%,62%,16%,3%,0%,52%,14%,38%,38%,10%,0%,85%,42%,42%,15%,0%,0%,54%,13%,41%,37%,7%,2%,54%,15%,38%,35%,4%,8%
13,나의 매니저는 내 성과를 향상시키는 데 도움이 되는 피드백을 적시에 제공한다.,0%,37%,54%,54%,17%,37%,28%,11%,7%,59%,19%,40%,25%,9%,7%,66%,30%,36%,21%,6%,7%,89%,58%,32%,11%,0%,0%,45%,20%,25%,25%,10%,20%,43%,14%,29%,33%,5%,19%,51%,18%,33%,23%,10%,15%,55%,16%,39%,26%,8%,11%,63%,24%,39%,26%,5%,5%,83%,31%,53%,14%,0%,3%,65%,18%,47%,22%,9%,4%,97%,88%,9%,2%,0%,2%,62%,33%,29%,24%,5%,10%,32%,6%,26%,49%,11%,9%,77%,28%,49%,5%,9%,9%,69%,40%,29%,17%,6%,9%,81%,27%,54%,14%,5%,0%,43%,10%,33%,48%,5%,5%,65%,35%,31%,27%,4%,4%,63%,15%,48%,26%,9%,2%,69%,23%,46%,15%,15%,0%
14,나의 매니저는 내가 잘한 일을 인정해준다.,72%,53%,64%,64%,21%,43%,24%,7%,5%,68%,26%,42%,19%,8%,5%,69%,32%,37%,18%,6%,6%,89%,58%,32%,0%,5%,5%,55%,25%,30%,20%,10%,15%,55%,14%,40%,24%,2%,19%,62%,21%,41%,23%,3%,13%,50%,24%,26%,29%,13%,8%,71%,26%,45%,24%,3%,3%,81%,36%,44%,14%,0%,6%,69%,18%,51%,15%,11%,5%,95%,89%,6%,2%,2%,2%,57%,33%,24%,33%,5%,5%,46%,6%,40%,37%,6%,11%,77%,37%,40%,9%,5%,9%,74%,37%,37%,9%,11%,6%,84%,30%,54%,8%,5%,3%,52%,14%,38%,38%,5%,5%,73%,42%,31%,15%,12%,0%,63%,20%,43%,26%,11%,0%,73%,12%,62%,19%,8%,0%
15,나의 매니저는 내가 문제 상황을 가져갔을 때 해결하기 위해 돕는다.,76%,64%,64%,64%,22%,42%,25%,4%,7%,73%,28%,45%,17%,6%,4%,71%,33%,38%,17%,6%,5%,95%,47%,47%,5%,0%,0%,60%,20%,40%,10%,5%,25%,55%,21%,33%,21%,5%,19%,54%,21%,33%,26%,10%,10%,55%,21%,34%,21%,16%,8%,61%,24%,37%,26%,8%,5%,83%,31%,53%,14%,0%,3%,76%,18%,58%,15%,5%,4%,97%,91%,6%,2%,0%,2%,66%,33%,33%,29%,5%,0%,37%,11%,26%,37%,20%,6%,77%,35%,42%,12%,5%,7%,74%,40%,34%,14%,6%,6%,86%,32%,54%,8%,5%,0%,52%,14%,38%,38%,10%,0%,73%,42%,31%,15%,12%,0%,74%,17%,57%,20%,4%,2%,73%,35%,38%,19%,8%,0%
16,나는 나의 매니저와 나의 역량개발과 성장에 대해서 정기적으로 대화한다.,0%,64%,53%,53%,13%,40%,31%,9%,7%,55%,19%,36%,28%,10%,7%,63%,27%,36%,22%,9%,7%,74%,53%,21%,21%,5%,0%,65%,20%,45%,5%,15%,15%,48%,17%,31%,26%,7%,19%,51%,15%,36%,28%,10%,10%,50%,21%,29%,16%,21%,13%,58%,24%,34%,21%,16%,5%,78%,19%,58%,19%,0%,3%,63%,18%,45%,22%,9%,5%,97%,88%,9%,2%,0%,2%,62%,24%,38%,14%,19%,5%,35%,6%,29%,49%,9%,9%,70%,26%,44%,12%,12%,7%,69%,20%,49%,17%,3%,11%,65%,22%,43%,19%,14%,3%,43%,10%,33%,43%,5%,10%,62%,35%,27%,27%,12%,0%,54%,11%,43%,33%,11%,2%,65%,23%,42%,27%,4%,4%
17,나는 부정적인 상황에 대한 두려움 없이 문제를 제기하거나 이슈를 이야기할 수 있다.,66%,53%,0%,,-,-,-,-,-,62%,18%,44%,19%,13%,6%,62%,26%,36%,21%,10%,7%,79%,47%,32%,11%,0%,11%,45%,15%,30%,5%,25%,25%,55%,24%,31%,33%,0%,12%,51%,13%,38%,28%,10%,10%,42%,11%,32%,21%,21%,16%,63%,18%,45%,29%,3%,5%,58%,11%,47%,25%,14%,3%,51%,18%,33%,27%,11%,11%,94%,85%,9%,2%,3%,2%,62%,24%,38%,19%,10%,10%,40%,3%,37%,51%,6%,3%,63%,28%,35%,19%,9%,9%,69%,17%,51%,14%,11%,6%,70%,19%,51%,16%,5%,8%,52%,14%,38%,29%,19%,0%,77%,27%,50%,15%,8%,0%,65%,17%,48%,22%,11%,2%,73%,27%,46%,15%,12%,0%
18,나의 차상위 리더는 회사에서 일어나는 일들을 적시에 공유한다.,70%,0%,0%,,-,-,-,-,-,58%,19%,39%,23%,13%,6%,64%,25%,39%,21%,8%,7%,95%,47%,47%,5%,0%,0%,55%,20%,35%,20%,5%,20%,55%,12%,43%,17%,12%,17%,62%,10%,51%,21%,10%,8%,39%,5%,34%,26%,21%,13%,63%,18%,45%,29%,3%,5%,72%,19%,53%,17%,8%,3%,58%,18%,40%,22%,13%,7%,97%,86%,11%,2%,0%,2%,76%,43%,33%,24%,0%,0%,37%,6%,31%,40%,11%,11%,67%,23%,44%,9%,9%,14%,63%,26%,37%,26%,6%,6%,76%,19%,57%,16%,5%,3%,43%,10%,33%,43%,10%,5%,69%,31%,38%,19%,12%,0%,59%,13%,46%,33%,2%,7%,46%,8%,38%,23%,23%,8%
19,지난 서베이의 결과에 대해 피드백을 반영하여 조치가 취해졌다고 생각한다.,73%,0%,0%,,-,-,-,-,-,36%,10%,26%,39%,16%,9%,37%,17%,20%,37%,16%,10%,53%,32%,21%,37%,5%,5%,20%,10%,10%,45%,10%,25%,14%,10%,5%,38%,19%,29%,23%,3%,21%,44%,23%,10%,24%,8%,16%,24%,32%,21%,32%,11%,21%,45%,16%,8%,28%,8%,19%,53%,8%,11%,46%,13%,33%,29%,18%,7%,92%,85%,8%,6%,0%,2%,28%,14%,14%,38%,19%,14%,20%,3%,17%,46%,17%,17%,32%,2%,30%,44%,9%,14%,43%,9%,34%,29%,20%,9%,43%,11%,32%,32%,22%,3%,24%,5%,19%,62%,10%,5%,58%,27%,31%,35%,8%,0%,22%,9%,13%,52%,17%,9%,23%,0%,23%,46%,31%,15%
20,나는 우리 회사가 포용적인 업무 환경을 조성하기 위해 노력한다고 생각한다.,0%,0%,0%,,-,-,-,-,-,57%,17%,40%,28%,11%,4%,47%,20%,27%,29%,15%,10%,79%,37%,42%,16%,5%,0%,35%,15%,20%,15%,30%,20%,36%,10%,26%,31%,12%,21%,38%,5%,33%,28%,18%,15%,34%,8%,26%,29%,29%,8%,34%,13%,21%,37%,21%,8%,39%,14%,25%,36%,17%,8%,46%,13%,33%,35%,13%,7%,95%,88%,8%,2%,2%,3%,38%,19%,19%,29%,24%,10%,20%,3%,17%,43%,17%,20%,45%,12%,33%,28%,14%,14%,49%,9%,40%,26%,20%,6%,49%,16%,32%,35%,5%,11%,38%,10%,29%,38%,19%,5%,62%,31%,31%,27%,12%,0%,41%,11%,30%,33%,15%,11%,38%,12%,27%,54%,8%,0%
21,나는 우리 회사에 소속감을 느낀다.,0%,0%,0%,,-,-,-,-,-,63%,21%,42%,28%,7%,2%,56%,23%,33%,30%,9%,5%,79%,42%,37%,11%,5%,5%,40%,15%,25%,30%,15%,15%,45%,14%,31%,33%,7%,14%,44%,8%,36%,38%,10%,8%,50%,13%,37%,32%,16%,3%,55%,18%,37%,37%,5%,3%,47%,11%,36%,47%,0%,6%,56%,18%,38%,35%,4%,5%,97%,86%,11%,0%,2%,2%,53%,29%,24%,19%,19%,10%,37%,3%,34%,46%,11%,6%,45%,19%,26%,35%,16%,5%,69%,17%,51%,17%,11%,3%,76%,16%,59%,11%,8%,5%,43%,10%,33%,43%,10%,5%,65%,38%,27%,23%,12%,0%,39%,9%,30%,43%,13%,4%,54%,12%,42%,42%,4%,0%
22,우리동료들은 업무를 수행하기 위해 같이 협업한다. (2026 NEW),-,-,0%,,-,-,-,-,-,0%,-,-,-,-,-,61%,24%,37%,24%,8%,6%,84%,37%,47%,16%,0%,0%,40%,15%,25%,30%,10%,20%,40%,14%,26%,40%,5%,14%,56%,8%,49%,23%,15%,5%,50%,13%,37%,29%,13%,8%,47%,11%,37%,26%,16%,11%,69%,22%,47%,17%,6%,8%,60%,22%,38%,29%,11%,0%,98%,88%,11%,0%,0%,2%,57%,24%,33%,29%,14%,0%,49%,9%,40%,31%,11%,9%,61%,26%,35%,23%,9%,7%,71%,17%,54%,11%,9%,9%,59%,16%,43%,24%,8%,8%,43%,10%,33%,52%,0%,5%,65%,35%,31%,27%,8%,0%,67%,11%,57%,22%,7%,4%,54%,12%,42%,42%,4%,0%
,,,,,,,,,,,,,,,,,0,,,,,,,,,,,,,,,,,,,,,,,,,,,,,,,,,,,,,,,,,,,,,,,,,,,,,,,,,,,,,,,,,,,,,,,,,,,,,,,,,,,,,,,,,,,,,,,,,,,,,,,,,,,,,,,,,

No,질문,Benchmark Medallia,Benchmark Chubb APAC,Benchmark Favourability,DataControl 2026,,,,,,DataControl 2025,,,,,
,,,,,FAV,5,4,3,2,1,FAV,5,4,3,2,1
1,나는 우리 회사를 일하기 좋은 회사로 추천할 의향이 있다.,72%,54%,52%,84%,42%,42%,16%,0%,0%,63%,21%,41%,30%,5%,3%
2,나는 우리 회사에서 일하는 것이 자랑스럽다.,73%,52%,55%,74%,37%,37%,21%,5%,0%,61%,21%,39%,32%,7%,1%
3,나에게 주어진 일은 개인적인 성취감을 가질 수 있도록 해준다.,71%,57%,57%,84%,37%,47%,11%,0%,5%,61%,21%,39%,32%,7%,1%
4,나는 우리 회사에서 앞으로 최소 12개월 이상 더 근무할 의향이 있다.,75%,75%,75%,89%,53%,37%,5%,0%,5%,77%,39%,38%,18%,3%,2%
5,조직 내에서 나의 의견은 존중받는다.,67%,61%,61%,95%,47%,47%,0%,0%,5%,73%,29%,45%,21%,5%,0%
6,나는 내 업무를 효과적으로 수행하기 위해 필요한 자료에 접근할 수 있는 권한이 있다.,72%,69%,69%,89%,42%,47%,11%,0%,0%,63%,21%,41%,32%,4%,2%
7,나는 내 업무가 우리 회사의 목표에 어떻게 기여하는지 이해하고 있다.,76%,73%,74%,89%,47%,42%,11%,0%,0%,80%,38%,43%,20%,0%,0%
8,나는 나에게 기대되는 역할에 대해 명확하게 이해하고 있다.,79%,75%,75%,79%,58%,21%,21%,0%,0%,73%,30%,43%,25%,2%,0%
9,나는 우리 회사에서 나의 역할을 수행하는데 적절한 행동이 무엇인지 이해하고 있다.,0%,79%,79%,89%,47%,42%,5%,5%,0%,80%,27%,54%,16%,3%,0%
10,나의 업무를 잘 수행하기 위해 필요한 스킬을 배울 수 있는 기회가 있다.,72%,55%,55%,79%,32%,47%,21%,0%,0%,43%,20%,23%,48%,7%,2%
11,나는 회사에서 개인적인 웰빙과 관련하여 필요할 때 편하게 지원을 요청할 수 있다. (2026 NEW),0%,52%,15%,95%,47%,47%,5%,0%,5%,29%,11%,18%,34%,27%,10%
12,우리 회사는 개인적인 웰빙에 도움이 되는 가이드와 실질적인 프로그램을 제공한다. (2026 NEW),0%,15%,37%,89%,37%,53%,11%,0%,0%,43%,9%,34%,30%,25%,2%
13,나의 매니저는 내 성과를 향상시키는 데 도움이 되는 피드백을 적시에 제공한다.,0%,37%,54%,89%,58%,32%,11%,0%,0%,64%,23%,41%,25%,7%,4%
14,나의 매니저는 내가 잘한 일을 인정해준다.,72%,53%,64%,89%,58%,32%,0%,5%,5%,68%,32%,36%,23%,7%,2%
15,나의 매니저는 내가 문제 상황을 가져갔을 때 해결하기 위해 돕는다.,76%,64%,64%,95%,47%,47%,5%,0%,0%,79%,32%,46%,20%,0%,2%
16,나는 나의 매니저와 나의 역량개발과 성장에 대해서 정기적으로 대화한다.,0%,64%,53%,74%,53%,21%,21%,5%,0%,55%,18%,38%,32%,7%,5%
17,나는 부정적인 상황에 대한 두려움 없이 문제를 제기하거나 이슈를 이야기할 수 있다.,66%,53%,0%,79%,47%,32%,11%,0%,11%,66%,25%,41%,25%,9%,0%
18,나의 차상위 리더는 회사에서 일어나는 일들을 적시에 공유한다.,70%,0%,0%,95%,47%,47%,5%,0%,0%,73%,23%,50%,14%,7%,6%
19,지난 서베이의 결과에 대해 피드백을 반영하여 조치가 취해졌다고 생각한다.,73%,0%,0%,53%,32%,21%,37%,5%,5%,35%,11%,24%,47%,13%,5%
20,나는 우리 회사가 포용적인 업무 환경을 조성하기 위해 노력한다고 생각한다.,0%,0%,0%,79%,37%,42%,16%,5%,0%,57%,18%,39%,34%,4%,5%
21,나는 우리 회사에 소속감을 느낀다.,0%,0%,0%,79%,42%,37%,11%,5%,5%,71%,29%,43%,27%,1%,0%
22,우리동료들은 업무를 수행하기 위해 같이 협업한다. (2026 NEW),-,-,0%,84%,37%,47%,16%,0%,0%,,,,,,

No,질문,Benchmark Medallia,Benchmark Chubb APAC,Benchmark Favourability,DT운영본부 2026,,,,,,DT운영본부 2025,,,,,
,,,,,FAV,5,4,3,2,1,FAV,5,4,3,2,1
1,나는 우리 회사를 일하기 좋은 회사로 추천할 의향이 있다.,72%,54%,52%,31%,10%,21%,36%,19%,14%,55%,18%,37%,17%,21%,7%
2,나는 우리 회사에서 일하는 것이 자랑스럽다.,73%,52%,55%,45%,12%,33%,40%,7%,7%,66%,20%,46%,26%,5%,3%
3,나에게 주어진 일은 개인적인 성취감을 가질 수 있도록 해준다.,71%,57%,57%,36%,7%,29%,33%,10%,21%,54%,9%,45%,29%,7%,10%
4,나는 우리 회사에서 앞으로 최소 12개월 이상 더 근무할 의향이 있다.,75%,75%,75%,60%,21%,38%,31%,5%,5%,74%,38%,37%,13%,6%,6%
5,조직 내에서 나의 의견은 존중받는다.,67%,61%,61%,43%,12%,31%,33%,10%,14%,67%,18%,49%,20%,5%,8%
6,나는 내 업무를 효과적으로 수행하기 위해 필요한 자료에 접근할 수 있는 권한이 있다.,72%,69%,69%,60%,12%,48%,26%,5%,10%,60%,13%,46%,20%,15%,6%
7,나는 내 업무가 우리 회사의 목표에 어떻게 기여하는지 이해하고 있다.,76%,73%,74%,62%,14%,48%,29%,2%,7%,70%,17%,52%,22%,6%,3%
8,나는 나에게 기대되는 역할에 대해 명확하게 이해하고 있다.,79%,75%,75%,55%,21%,33%,36%,2%,7%,71%,21%,50%,20%,3%,6%
9,나는 우리 회사에서 나의 역할을 수행하는데 적절한 행동이 무엇인지 이해하고 있다.,0%,79%,79%,24%,61%,21%,40%,31%,2%,74%,20%,55%,20%,3%,2%
10,나의 업무를 잘 수행하기 위해 필요한 스킬을 배울 수 있는 기회가 있다.,72%,55%,55%,36%,7%,29%,38%,12%,14%,46%,7%,39%,33%,11%,10%
11,나는 회사에서 개인적인 웰빙과 관련하여 필요할 때 편하게 지원을 요청할 수 있다. (2026 NEW),0%,52%,15%,43%,14%,29%,31%,10%,17%,45%,12%,33%,24%,21%,10%
12,우리 회사는 개인적인 웰빙에 도움이 되는 가이드와 실질적인 프로그램을 제공한다. (2026 NEW),0%,15%,37%,52%,19%,33%,31%,12%,5%,49%,10%,39%,33%,11%,7%
13,나의 매니저는 내 성과를 향상시키는 데 도움이 되는 피드백을 적시에 제공한다.,0%,37%,54%,43%,14%,29%,33%,5%,19%,59%,18%,40%,22%,9%,11%
14,나의 매니저는 내가 잘한 일을 인정해준다.,72%,53%,64%,55%,14%,40%,24%,2%,19%,68%,24%,44%,13%,7%,12%
15,나의 매니저는 내가 문제 상황을 가져갔을 때 해결하기 위해 돕는다.,76%,64%,64%,55%,21%,33%,21%,5%,19%,65%,23%,41%,18%,10%,8%
16,나는 나의 매니저와 나의 역량개발과 성장에 대해서 정기적으로 대화한다.,0%,64%,53%,48%,17%,31%,26%,7%,19%,48%,15%,33%,26%,16%,10%
17,나는 부정적인 상황에 대한 두려움 없이 문제를 제기하거나 이슈를 이야기할 수 있다.,66%,53%,0%,55%,24%,31%,33%,0%,12%,67%,20%,48%,17%,10%,5%
18,나의 차상위 리더는 회사에서 일어나는 일들을 적시에 공유한다.,70%,0%,0%,55%,12%,43%,17%,12%,17%,56%,21%,35%,24%,13%,7%
19,지난 서베이의 결과에 대해 피드백을 반영하여 조치가 취해졌다고 생각한다.,73%,0%,0%,14%,10%,5%,38%,19%,29%,24%,5%,20%,34%,23%,18%
20,나는 우리 회사가 포용적인 업무 환경을 조성하기 위해 노력한다고 생각한다.,0%,0%,0%,36%,10%,26%,31%,12%,21%,52%,15%,38%,20%,20%,7%
21,나는 우리 회사에 소속감을 느낀다.,0%,0%,0%,45%,14%,31%,33%,7%,14%,57%,15%,43%,36%,0%,6%
22,우리동료들은 업무를 수행하기 위해 같이 협업한다. (2026 NEW),-,-,0%,40%,14%,26%,40%,5%,14%,,,,,,

No,질문,Benchmark Medallia,Benchmark Chubb APAC,Benchmark Favourability,DigitalSales 2026,,,,,,DigitalSales 2025,,,,,
,,,,,FAV,5,4,3,2,1,FAV,5,4,3,2,1
1,나는 우리 회사를 일하기 좋은 회사로 추천할 의향이 있다.,72%,54%,52%,25%,15%,10%,35%,25%,15%,55%,18%,37%,17%,21%,7%
2,나는 우리 회사에서 일하는 것이 자랑스럽다.,73%,52%,55%,40%,15%,25%,45%,10%,5%,66%,20%,46%,26%,5%,3%
3,나에게 주어진 일은 개인적인 성취감을 가질 수 있도록 해준다.,71%,57%,57%,40%,20%,20%,45%,0%,15%,54%,9%,45%,29%,7%,10%
4,나는 우리 회사에서 앞으로 최소 12개월 이상 더 근무할 의향이 있다.,75%,75%,75%,45%,20%,25%,35%,5%,15%,74%,38%,37%,13%,6%,6%
5,조직 내에서 나의 의견은 존중받는다.,67%,61%,61%,50%,15%,35%,30%,10%,10%,67%,18%,49%,20%,5%,8%
6,나는 내 업무를 효과적으로 수행하기 위해 필요한 자료에 접근할 수 있는 권한이 있다.,72%,69%,69%,50%,25%,25%,30%,15%,5%,60%,13%,46%,20%,15%,6%
7,나는 내 업무가 우리 회사의 목표에 어떻게 기여하는지 이해하고 있다.,76%,73%,74%,70%,25%,45%,15%,5%,10%,70%,17%,52%,22%,6%,3%
8,나는 나에게 기대되는 역할에 대해 명확하게 이해하고 있다.,79%,75%,75%,50%,25%,25%,30%,10%,10%,71%,21%,50%,20%,3%,6%
9,나는 우리 회사에서 나의 역할을 수행하는데 적절한 행동이 무엇인지 이해하고 있다.,0%,79%,79%,60%,15%,45%,20%,15%,5%,74%,20%,55%,20%,3%,2%
10,나의 업무를 잘 수행하기 위해 필요한 스킬을 배울 수 있는 기회가 있다.,72%,55%,55%,45%,15%,30%,15%,20%,20%,46%,7%,39%,33%,11%,10%
11,나는 회사에서 개인적인 웰빙과 관련하여 필요할 때 편하게 지원을 요청할 수 있다. (2026 NEW),0%,52%,15%,35%,25%,10%,30%,20%,15%,45%,12%,33%,24%,21%,10%
12,우리 회사는 개인적인 웰빙에 도움이 되는 가이드와 실질적인 프로그램을 제공한다. (2026 NEW),0%,15%,37%,65%,25%,40%,25%,0%,10%,49%,10%,39%,33%,11%,7%
13,나의 매니저는 내 성과를 향상시키는 데 도움이 되는 피드백을 적시에 제공한다.,0%,37%,54%,45%,20%,25%,25%,10%,20%,59%,18%,40%,22%,9%,11%
14,나의 매니저는 내가 잘한 일을 인정해준다.,72%,53%,64%,55%,25%,30%,20%,10%,15%,68%,24%,44%,13%,7%,12%
15,나의 매니저는 내가 문제 상황을 가져갔을 때 해결하기 위해 돕는다.,76%,64%,64%,60%,20%,40%,10%,5%,25%,65%,23%,41%,18%,10%,8%
16,나는 나의 매니저와 나의 역량개발과 성장에 대해서 정기적으로 대화한다.,0%,64%,53%,65%,20%,45%,5%,15%,15%,48%,15%,33%,26%,16%,10%
17,나는 부정적인 상황에 대한 두려움 없이 문제를 제기하거나 이슈를 이야기할 수 있다.,66%,53%,0%,45%,15%,30%,5%,25%,25%,67%,20%,48%,17%,10%,5%
18,나의 차상위 리더는 회사에서 일어나는 일들을 적시에 공유한다.,70%,0%,0%,55%,20%,35%,20%,5%,20%,56%,21%,35%,24%,13%,7%
19,지난 서베이의 결과에 대해 피드백을 반영하여 조치가 취해졌다고 생각한다.,73%,0%,0%,20%,10%,10%,45%,10%,25%,24%,5%,20%,34%,23%,18%
20,나는 우리 회사가 포용적인 업무 환경을 조성하기 위해 노력한다고 생각한다.,0%,0%,0%,35%,15%,20%,15%,30%,20%,52%,15%,38%,20%,20%,7%
21,나는 우리 회사에 소속감을 느낀다.,0%,0%,0%,40%,15%,25%,30%,15%,15%,57%,15%,43%,36%,0%,6%
22,우리동료들은 업무를 수행하기 위해 같이 협업한다. (2026 NEW),-,-,0%,40%,15%,25%,30%,10%,20%,,,,,,

No,질문,Benchmark Medallia,Benchmark Chubb APAC,Benchmark Favourability,DT혁신본부/CISO 2026,,,,,,DT혁신본부/CISO 2025,,,,,
,,,,,FAV,5,4,3,2,1,FAV,5,4,3,2,1
1,나는 우리 회사를 일하기 좋은 회사로 추천할 의향이 있다.,72%,54%,52%,38%,18%,21%,31%,28%,3%,55%,18%,37%,17%,21%,7%
2,나는 우리 회사에서 일하는 것이 자랑스럽다.,73%,52%,55%,51%,10%,41%,44%,3%,3%,66%,20%,46%,26%,5%,3%
3,나에게 주어진 일은 개인적인 성취감을 가질 수 있도록 해준다.,71%,57%,57%,38%,13%,26%,44%,15%,3%,54%,9%,45%,29%,7%,10%
4,나는 우리 회사에서 앞으로 최소 12개월 이상 더 근무할 의향이 있다.,75%,75%,75%,56%,28%,28%,28%,13%,3%,74%,38%,37%,13%,6%,6%
5,조직 내에서 나의 의견은 존중받는다.,67%,61%,61%,62%,13%,49%,26%,5%,8%,67%,18%,49%,20%,5%,8%
6,나는 내 업무를 효과적으로 수행하기 위해 필요한 자료에 접근할 수 있는 권한이 있다.,72%,69%,69%,56%,10%,46%,28%,13%,3%,60%,13%,46%,20%,15%,6%
7,나는 내 업무가 우리 회사의 목표에 어떻게 기여하는지 이해하고 있다.,76%,73%,74%,64%,13%,51%,33%,0%,3%,70%,17%,52%,22%,6%,3%
8,나는 나에게 기대되는 역할에 대해 명확하게 이해하고 있다.,79%,75%,75%,69%,13%,56%,21%,8%,3%,71%,21%,50%,20%,3%,6%
9,나는 우리 회사에서 나의 역할을 수행하는데 적절한 행동이 무엇인지 이해하고 있다.,0%,79%,79%,62%,10%,51%,28%,10%,0%,74%,20%,55%,20%,3%,2%
10,나의 업무를 잘 수행하기 위해 필요한 스킬을 배울 수 있는 기회가 있다.,72%,55%,55%,44%,3%,41%,26%,18%,13%,46%,7%,39%,33%,11%,10%
11,나는 회사에서 개인적인 웰빙과 관련하여 필요할 때 편하게 지원을 요청할 수 있다. (2026 NEW),0%,52%,15%,49%,10%,38%,36%,8%,8%,45%,12%,33%,24%,21%,10%
12,우리 회사는 개인적인 웰빙에 도움이 되는 가이드와 실질적인 프로그램을 제공한다. (2026 NEW),0%,15%,37%,74%,21%,54%,21%,3%,3%,49%,10%,39%,33%,11%,7%
13,나의 매니저는 내 성과를 향상시키는 데 도움이 되는 피드백을 적시에 제공한다.,0%,37%,54%,51%,18%,33%,23%,10%,15%,59%,18%,40%,22%,9%,11%
14,나의 매니저는 내가 잘한 일을 인정해준다.,72%,53%,64%,62%,21%,41%,23%,3%,13%,68%,24%,44%,13%,7%,12%
15,나의 매니저는 내가 문제 상황을 가져갔을 때 해결하기 위해 돕는다.,76%,64%,64%,54%,21%,33%,26%,10%,10%,65%,23%,41%,18%,10%,8%
16,나는 나의 매니저와 나의 역량개발과 성장에 대해서 정기적으로 대화한다.,0%,64%,53%,51%,15%,36%,28%,10%,10%,48%,15%,33%,26%,16%,10%
17,나는 부정적인 상황에 대한 두려움 없이 문제를 제기하거나 이슈를 이야기할 수 있다.,66%,53%,0%,51%,13%,38%,28%,10%,10%,67%,20%,48%,17%,10%,5%
18,나의 차상위 리더는 회사에서 일어나는 일들을 적시에 공유한다.,70%,0%,0%,62%,10%,51%,21%,10%,8%,56%,21%,35%,24%,13%,7%
19,지난 서베이의 결과에 대해 피드백을 반영하여 조치가 취해졌다고 생각한다.,73%,0%,0%,23%,3%,21%,44%,23%,10%,24%,5%,20%,34%,23%,18%
20,나는 우리 회사가 포용적인 업무 환경을 조성하기 위해 노력한다고 생각한다.,0%,0%,0%,38%,5%,33%,28%,18%,15%,52%,15%,38%,20%,20%,7%
21,나는 우리 회사에 소속감을 느낀다.,0%,0%,0%,44%,8%,36%,38%,10%,8%,57%,15%,43%,36%,0%,6%
22,우리동료들은 업무를 수행하기 위해 같이 협업한다. (2026 NEW),-,-,0%,56%,8%,49%,23%,15%,5%,,,,,,

No,질문,Benchmark Medallia,Benchmark Chubb APAC,Benchmark Favourability,GA영업본부 2026,,,,,,GA영업본부 2025,,,,,
,,,,,FAV,5,4,3,2,1,FAV,5,4,3,2,1
1,나는 우리 회사를 일하기 좋은 회사로 추천할 의향이 있다.,72%,54%,52%,47%,16%,32%,26%,16%,11%,72%,31%,38%,26%,5%,0%
2,나는 우리 회사에서 일하는 것이 자랑스럽다.,73%,52%,55%,61%,24%,37%,24%,13%,3%,76%,37%,39%,21%,3%,0%
3,나에게 주어진 일은 개인적인 성취감을 가질 수 있도록 해준다.,71%,57%,57%,55%,21%,34%,21%,16%,8%,72%,37%,35%,24%,4%,0%
4,나는 우리 회사에서 앞으로 최소 12개월 이상 더 근무할 의향이 있다.,75%,75%,75%,68%,34%,34%,18%,11%,3%,87%,55%,31%,11%,3%,0%
5,조직 내에서 나의 의견은 존중받는다.,67%,61%,61%,45%,16%,29%,37%,13%,5%,67%,29%,39%,21%,9%,2%
6,나는 내 업무를 효과적으로 수행하기 위해 필요한 자료에 접근할 수 있는 권한이 있다.,72%,69%,69%,42%,11%,32%,37%,13%,8%,67%,18%,49%,27%,6%,0%
7,나는 내 업무가 우리 회사의 목표에 어떻게 기여하는지 이해하고 있다.,76%,73%,74%,76%,34%,42%,24%,0%,0%,94%,36%,58%,5%,1%,0%
8,나는 나에게 기대되는 역할에 대해 명확하게 이해하고 있다.,79%,75%,75%,79%,29%,50%,18%,3%,0%,90%,37%,53%,8%,2%,0%
9,나는 우리 회사에서 나의 역할을 수행하는데 적절한 행동이 무엇인지 이해하고 있다.,0%,79%,79%,87%,24%,63%,11%,3%,0%,96%,31%,64%,4%,1%,0%
10,나의 업무를 잘 수행하기 위해 필요한 스킬을 배울 수 있는 기회가 있다.,72%,55%,55%,39%,5%,34%,32%,21%,8%,55%,16%,39%,28%,12%,5%
11,나는 회사에서 개인적인 웰빙과 관련하여 필요할 때 편하게 지원을 요청할 수 있다. (2026 NEW),0%,52%,15%,26%,5%,21%,39%,24%,11%,27%,15%,12%,20%,28%,25%
12,우리 회사는 개인적인 웰빙에 도움이 되는 가이드와 실질적인 프로그램을 제공한다. (2026 NEW),0%,15%,37%,24%,3%,21%,37%,26%,13%,37%,12%,25%,35%,20%,8%
13,나의 매니저는 내 성과를 향상시키는 데 도움이 되는 피드백을 적시에 제공한다.,0%,37%,54%,55%,16%,39%,26%,8%,11%,65%,22%,43%,17%,12%,6%
14,나의 매니저는 내가 잘한 일을 인정해준다.,72%,53%,64%,50%,24%,26%,29%,13%,8%,60%,28%,31%,22%,12%,7%
15,나의 매니저는 내가 문제 상황을 가져갔을 때 해결하기 위해 돕는다.,76%,64%,64%,55%,21%,34%,21%,16%,8%,70%,33%,37%,20%,6%,4%
16,나는 나의 매니저와 나의 역량개발과 성장에 대해서 정기적으로 대화한다.,0%,64%,53%,50%,21%,29%,16%,21%,13%,63%,25%,38%,21%,10%,6%
17,나는 부정적인 상황에 대한 두려움 없이 문제를 제기하거나 이슈를 이야기할 수 있다.,66%,53%,0%,42%,11%,32%,21%,21%,16%,58%,20%,38%,16%,21%,6%
18,나의 차상위 리더는 회사에서 일어나는 일들을 적시에 공유한다.,70%,0%,0%,39%,5%,34%,26%,21%,13%,66%,29%,37%,19%,10%,5%
19,지난 서베이의 결과에 대해 피드백을 반영하여 조치가 취해졌다고 생각한다.,73%,0%,0%,24%,8%,16%,24%,32%,21%,44%,17%,27%,38%,13%,5%
20,나는 우리 회사가 포용적인 업무 환경을 조성하기 위해 노력한다고 생각한다.,0%,0%,0%,34%,8%,26%,29%,29%,8%,58%,19%,39%,30%,10%,2%
21,나는 우리 회사에 소속감을 느낀다.,0%,0%,0%,50%,13%,37%,32%,16%,3%,72%,34%,38%,22%,6%,0%
22,우리동료들은 업무를 수행하기 위해 같이 협업한다. (2026 NEW),-,-,0%,50%,13%,37%,29%,13%,8%,,,,,,

No,질문,Benchmark Medallia,Benchmark Chubb APAC,Benchmark Favourability,경영관리본부 2026,,,,,,경영관리본부 2025,,,,,
,,,,,FAV,5,4,3,2,1,FAV,5,4,3,2,1
1,나는 우리 회사를 일하기 좋은 회사로 추천할 의향이 있다.,72%,54%,52%,42%,13%,29%,42%,16%,0%,77%,23%,54%,15%,4%,4%
2,나는 우리 회사에서 일하는 것이 자랑스럽다.,73%,52%,55%,58%,13%,45%,37%,5%,0%,69%,23%,46%,27%,4%,0%
3,나에게 주어진 일은 개인적인 성취감을 가질 수 있도록 해준다.,71%,57%,57%,53%,16%,37%,29%,16%,3%,73%,31%,42%,19%,4%,4%
4,나는 우리 회사에서 앞으로 최소 12개월 이상 더 근무할 의향이 있다.,75%,75%,75%,68%,29%,39%,26%,3%,3%,77%,42%,35%,19%,4%,0%
5,조직 내에서 나의 의견은 존중받는다.,67%,61%,61%,74%,16%,58%,21%,0%,5%,85%,42%,42%,15%,0%,0%
6,나는 내 업무를 효과적으로 수행하기 위해 필요한 자료에 접근할 수 있는 권한이 있다.,72%,69%,69%,66%,21%,45%,26%,5%,3%,69%,23%,46%,19%,8%,4%
7,나는 내 업무가 우리 회사의 목표에 어떻게 기여하는지 이해하고 있다.,76%,73%,74%,87%,21%,66%,8%,3%,3%,88%,31%,58%,12%,0%,0%
8,나는 나에게 기대되는 역할에 대해 명확하게 이해하고 있다.,79%,75%,75%,87%,24%,63%,8%,3%,3%,92%,31%,62%,8%,0%,0%
9,나는 우리 회사에서 나의 역할을 수행하는데 적절한 행동이 무엇인지 이해하고 있다.,0%,79%,79%,92%,16%,76%,5%,0%,3%,88%,23%,65%,12%,0%,0%
10,나의 업무를 잘 수행하기 위해 필요한 스킬을 배울 수 있는 기회가 있다.,72%,55%,55%,55%,13%,42%,26%,16%,3%,69%,15%,54%,19%,12%,0%
11,나는 회사에서 개인적인 웰빙과 관련하여 필요할 때 편하게 지원을 요청할 수 있다. (2026 NEW),0%,52%,15%,63%,21%,42%,21%,16%,0%,42%,19%,23%,31%,12%,15%
12,우리 회사는 개인적인 웰빙에 도움이 되는 가이드와 실질적인 프로그램을 제공한다. (2026 NEW),0%,15%,37%,74%,21%,53%,24%,3%,0%,42%,19%,23%,38%,15%,5%
13,나의 매니저는 내 성과를 향상시키는 데 도움이 되는 피드백을 적시에 제공한다.,0%,37%,54%,63%,24%,39%,26%,5%,5%,65%,31%,35%,27%,4%,3%
14,나의 매니저는 내가 잘한 일을 인정해준다.,72%,53%,64%,71%,26%,45%,24%,3%,3%,81%,46%,35%,12%,8%,0%
15,나의 매니저는 내가 문제 상황을 가져갔을 때 해결하기 위해 돕는다.,76%,64%,64%,61%,24%,37%,26%,8%,5%,85%,54%,31%,8%,8%,0%
16,나는 나의 매니저와 나의 역량개발과 성장에 대해서 정기적으로 대화한다.,0%,64%,53%,58%,24%,34%,21%,16%,5%,73%,42%,31%,23%,0%,4%
17,나는 부정적인 상황에 대한 두려움 없이 문제를 제기하거나 이슈를 이야기할 수 있다.,66%,53%,0%,63%,18%,45%,29%,3%,5%,65%,35%,31%,12%,23%,-1%
18,나의 차상위 리더는 회사에서 일어나는 일들을 적시에 공유한다.,70%,0%,0%,63%,18%,45%,29%,3%,5%,69%,31%,38%,19%,4%,8%
19,지난 서베이의 결과에 대해 피드백을 반영하여 조치가 취해졌다고 생각한다.,73%,0%,0%,32%,11%,21%,45%,16%,8%,31%,12%,19%,46%,12%,11%
20,나는 우리 회사가 포용적인 업무 환경을 조성하기 위해 노력한다고 생각한다.,0%,0%,0%,34%,13%,21%,37%,21%,8%,62%,23%,38%,19%,19%,1%
21,나는 우리 회사에 소속감을 느낀다.,0%,0%,0%,55%,18%,37%,37%,5%,3%,69%,31%,38%,15%,15%,1%
22,우리동료들은 업무를 수행하기 위해 같이 협업한다. (2026 NEW),-,-,0%,47%,11%,37%,26%,16%,11%,,,,,,

No,질문,Benchmark Medallia,Benchmark Chubb APAC,Benchmark Favourability,계리RM본부 2026,,,,,,계리RM본부 2025,,,,,
,,,,,FAV,5,4,3,2,1,FAV,5,4,3,2,1
1,나는 우리 회사를 일하기 좋은 회사로 추천할 의향이 있다.,72%,54%,52%,56%,19%,36%,33%,6%,6%,66%,22%,44%,22%,9%,3%
2,나는 우리 회사에서 일하는 것이 자랑스럽다.,73%,52%,55%,47%,17%,31%,44%,3%,6%,57%,21%,36%,34%,7%,2%
3,나에게 주어진 일은 개인적인 성취감을 가질 수 있도록 해준다.,71%,57%,57%,69%,14%,56%,25%,3%,3%,64%,20%,44%,29%,4%,3%
4,나는 우리 회사에서 앞으로 최소 12개월 이상 더 근무할 의향이 있다.,75%,75%,75%,75%,25%,50%,19%,3%,3%,80%,37%,43%,18%,1%,1%
5,조직 내에서 나의 의견은 존중받는다.,67%,61%,61%,81%,28%,53%,14%,3%,3%,80%,25%,55%,12%,5%,3%
6,나는 내 업무를 효과적으로 수행하기 위해 필요한 자료에 접근할 수 있는 권한이 있다.,72%,69%,69%,67%,33%,33%,28%,3%,3%,81%,25%,56%,13%,4%,2%
7,나는 내 업무가 우리 회사의 목표에 어떻게 기여하는지 이해하고 있다.,76%,73%,74%,75%,22%,53%,17%,3%,6%,80%,31%,49%,19%,1%,0%
8,나는 나에게 기대되는 역할에 대해 명확하게 이해하고 있다.,79%,75%,75%,72%,19%,53%,25%,0%,3%,81%,29%,53%,16%,2%,0%
9,나는 우리 회사에서 나의 역할을 수행하는데 적절한 행동이 무엇인지 이해하고 있다.,0%,79%,79%,81%,22%,58%,17%,0%,3%,84%,29%,55%,15%,1%,0%
10,나의 업무를 잘 수행하기 위해 필요한 스킬을 배울 수 있는 기회가 있다.,72%,55%,55%,67%,19%,47%,22%,6%,6%,64%,21%,43%,26%,8%,2%
11,나는 회사에서 개인적인 웰빙과 관련하여 필요할 때 편하게 지원을 요청할 수 있다. (2026 NEW),0%,52%,15%,47%,14%,33%,42%,6%,6%,32%,9%,23%,23%,25%,20%
12,우리 회사는 개인적인 웰빙에 도움이 되는 가이드와 실질적인 프로그램을 제공한다. (2026 NEW),0%,15%,37%,56%,11%,44%,36%,3%,6%,56%,12%,44%,30%,11%,3%
13,나의 매니저는 내 성과를 향상시키는 데 도움이 되는 피드백을 적시에 제공한다.,0%,37%,54%,83%,31%,53%,14%,0%,3%,59%,16%,43%,27%,9%,5%
14,나의 매니저는 내가 잘한 일을 인정해준다.,72%,53%,64%,81%,36%,44%,14%,0%,6%,74%,25%,48%,18%,4%,5%
15,나의 매니저는 내가 문제 상황을 가져갔을 때 해결하기 위해 돕는다.,76%,64%,64%,83%,31%,53%,14%,0%,3%,77%,30%,47%,13%,5%,5%
16,나는 나의 매니저와 나의 역량개발과 성장에 대해서 정기적으로 대화한다.,0%,64%,53%,78%,19%,58%,19%,0%,3%,60%,15%,45%,24%,8%,8%
17,나는 부정적인 상황에 대한 두려움 없이 문제를 제기하거나 이슈를 이야기할 수 있다.,66%,53%,0%,58%,11%,47%,25%,14%,3%,73%,16%,56%,14%,9%,5%
18,나의 차상위 리더는 회사에서 일어나는 일들을 적시에 공유한다.,70%,0%,0%,72%,19%,53%,17%,8%,3%,60%,20%,41%,22%,12%,5%
19,지난 서베이의 결과에 대해 피드백을 반영하여 조치가 취해졌다고 생각한다.,73%,0%,0%,28%,8%,19%,53%,8%,11%,35%,10%,25%,44%,14%,7%
20,나는 우리 회사가 포용적인 업무 환경을 조성하기 위해 노력한다고 생각한다.,0%,0%,0%,39%,14%,25%,36%,17%,8%,56%,16%,40%,32%,9%,3%
21,나는 우리 회사에 소속감을 느낀다.,0%,0%,0%,47%,11%,36%,47%,0%,6%,55%,18%,37%,36%,7%,2%
22,우리동료들은 업무를 수행하기 위해 같이 협업한다. (2026 NEW),-,-,0%,69%,22%,47%,17%,6%,8%,,,,,,

No,질문,Benchmark Medallia,Benchmark Chubb APAC,Benchmark Favourability,계약서비스본부 2026,,,,,,계약서비스본부 2025,,,,,
,,,,,FAV,5,4,3,2,1,FAV,5,4,3,2,1
1,나는 우리 회사를 일하기 좋은 회사로 추천할 의향이 있다.,72%,54%,52%,62%,15%,47%,25%,7%,5%,54%,11%,44%,30%,14%,1%
2,나는 우리 회사에서 일하는 것이 자랑스럽다.,73%,52%,55%,54%,16%,38%,40%,4%,2%,55%,17%,38%,34%,10%,1%
3,나에게 주어진 일은 개인적인 성취감을 가질 수 있도록 해준다.,71%,57%,57%,60%,18%,42%,22%,15%,4%,52%,10%,43%,27%,11%,9%
4,나는 우리 회사에서 앞으로 최소 12개월 이상 더 근무할 의향이 있다.,75%,75%,75%,78%,33%,45%,18%,2%,2%,77%,32%,45%,17%,3%,3%
5,조직 내에서 나의 의견은 존중받는다.,67%,61%,61%,62%,18%,44%,27%,11%,0%,64%,14%,50%,21%,11%,4%
6,나는 내 업무를 효과적으로 수행하기 위해 필요한 자료에 접근할 수 있는 권한이 있다.,72%,69%,69%,86%,24%,62%,11%,4%,0%,70%,15%,55%,23%,6%,1%
7,나는 내 업무가 우리 회사의 목표에 어떻게 기여하는지 이해하고 있다.,76%,73%,74%,83%,25%,58%,16%,0%,0%,74%,17%,55%,24%,2%,1%
8,나는 나에게 기대되는 역할에 대해 명확하게 이해하고 있다.,79%,75%,75%,85%,27%,58%,11%,2%,2%,70%,19%,50%,21%,6%,4%
9,나는 우리 회사에서 나의 역할을 수행하는데 적절한 행동이 무엇인지 이해하고 있다.,0%,79%,79%,87%,25%,62%,9%,4%,0%,74%,17%,56%,24%,2%,1%
10,나의 업무를 잘 수행하기 위해 필요한 스킬을 배울 수 있는 기회가 있다.,72%,55%,55%,58%,18%,40%,20%,15%,7%,47%,12%,35%,31%,17%,5%
11,나는 회사에서 개인적인 웰빙과 관련하여 필요할 때 편하게 지원을 요청할 수 있다. (2026 NEW),0%,52%,15%,45%,20%,25%,36%,15%,4%,32%,5%,27%,23%,21%,24%
12,우리 회사는 개인적인 웰빙에 도움이 되는 가이드와 실질적인 프로그램을 제공한다. (2026 NEW),0%,15%,37%,53%,18%,35%,35%,9%,4%,40%,8%,32%,28%,19%,13%
13,나의 매니저는 내 성과를 향상시키는 데 도움이 되는 피드백을 적시에 제공한다.,0%,37%,54%,65%,18%,47%,22%,9%,4%,46%,11%,35%,35%,11%,8%
14,나의 매니저는 내가 잘한 일을 인정해준다.,72%,53%,64%,69%,18%,51%,15%,11%,5%,59%,14%,46%,24%,10%,6%
15,나의 매니저는 내가 문제 상황을 가져갔을 때 해결하기 위해 돕는다.,76%,64%,64%,76%,18%,58%,15%,5%,4%,65%,16%,50%,24%,6%,4%
16,나는 나의 매니저와 나의 역량개발과 성장에 대해서 정기적으로 대화한다.,0%,64%,53%,63%,18%,45%,22%,9%,5%,44%,11%,33%,36%,14%,6%
17,나는 부정적인 상황에 대한 두려움 없이 문제를 제기하거나 이슈를 이야기할 수 있다.,66%,53%,0%,51%,18%,33%,27%,11%,11%,52%,8%,45%,19%,18%,10%
18,나의 차상위 리더는 회사에서 일어나는 일들을 적시에 공유한다.,70%,0%,0%,58%,18%,40%,22%,13%,7%,42%,8%,34%,33%,19%,6%
19,지난 서베이의 결과에 대해 피드백을 반영하여 조치가 취해졌다고 생각한다.,73%,0%,0%,46%,13%,33%,29%,18%,7%,31%,6%,25%,39%,20%,10%
20,나는 우리 회사가 포용적인 업무 환경을 조성하기 위해 노력한다고 생각한다.,0%,0%,0%,46%,13%,33%,35%,13%,7%,51%,8%,44%,27%,14%,7%
21,나는 우리 회사에 소속감을 느낀다.,0%,0%,0%,56%,18%,38%,35%,4%,5%,56%,12%,45%,26%,12%,5%
22,우리동료들은 업무를 수행하기 위해 같이 협업한다. (2026 NEW),-,-,0%,60%,22%,38%,29%,11%,0%,,,,,,

No,질문,Benchmark Medallia,Benchmark Chubb APAC,Benchmark Favourability,고객경험혁신본부CE 2026,,,,,,고객경험혁신본부CE 2025,,,,,
,,,,,FAV,5,4,3,2,1,FAV,5,4,3,2,1
1,나는 우리 회사를 일하기 좋은 회사로 추천할 의향이 있다.,72%,54%,52%,92%,85%,8%,6%,0%,2%,54%,11%,44%,30%,14%,1%
2,나는 우리 회사에서 일하는 것이 자랑스럽다.,73%,52%,55%,95%,86%,9%,3%,0%,2%,55%,17%,38%,34%,10%,1%
3,나에게 주어진 일은 개인적인 성취감을 가질 수 있도록 해준다.,71%,57%,57%,95%,85%,11%,3%,0%,2%,52%,10%,43%,27%,11%,9%
4,나는 우리 회사에서 앞으로 최소 12개월 이상 더 근무할 의향이 있다.,75%,75%,75%,95%,86%,8%,5%,0%,2%,77%,32%,45%,17%,3%,3%
5,조직 내에서 나의 의견은 존중받는다.,67%,61%,61%,95%,86%,9%,3%,0%,2%,64%,14%,50%,21%,11%,4%
6,나는 내 업무를 효과적으로 수행하기 위해 필요한 자료에 접근할 수 있는 권한이 있다.,72%,69%,69%,95%,86%,9%,3%,0%,2%,70%,15%,55%,23%,6%,1%
7,나는 내 업무가 우리 회사의 목표에 어떻게 기여하는지 이해하고 있다.,76%,73%,74%,88%,19%,69%,12%,0%,2%,74%,17%,55%,24%,2%,1%
8,나는 나에게 기대되는 역할에 대해 명확하게 이해하고 있다.,79%,75%,75%,97%,89%,8%,2%,0%,2%,70%,19%,50%,21%,6%,4%
9,나는 우리 회사에서 나의 역할을 수행하는데 적절한 행동이 무엇인지 이해하고 있다.,0%,79%,79%,97%,89%,8%,2%,0%,2%,74%,17%,56%,24%,2%,1%
10,나의 업무를 잘 수행하기 위해 필요한 스킬을 배울 수 있는 기회가 있다.,72%,55%,55%,94%,86%,8%,5%,0%,2%,47%,12%,35%,31%,17%,5%
11,나는 회사에서 개인적인 웰빙과 관련하여 필요할 때 편하게 지원을 요청할 수 있다. (2026 NEW),0%,52%,15%,94%,86%,8%,3%,2%,2%,32%,5%,27%,23%,21%,24%
12,우리 회사는 개인적인 웰빙에 도움이 되는 가이드와 실질적인 프로그램을 제공한다. (2026 NEW),0%,15%,37%,95%,85%,11%,3%,0%,2%,40%,8%,32%,28%,19%,13%
13,나의 매니저는 내 성과를 향상시키는 데 도움이 되는 피드백을 적시에 제공한다.,0%,37%,54%,97%,88%,9%,2%,0%,2%,46%,11%,35%,35%,11%,8%
14,나의 매니저는 내가 잘한 일을 인정해준다.,72%,53%,64%,95%,89%,6%,2%,2%,2%,59%,14%,46%,24%,10%,6%
15,나의 매니저는 내가 문제 상황을 가져갔을 때 해결하기 위해 돕는다.,76%,64%,64%,97%,91%,6%,2%,0%,2%,65%,16%,50%,24%,6%,4%
16,나는 나의 매니저와 나의 역량개발과 성장에 대해서 정기적으로 대화한다.,0%,64%,53%,97%,88%,9%,2%,0%,2%,44%,11%,33%,36%,14%,6%
17,나는 부정적인 상황에 대한 두려움 없이 문제를 제기하거나 이슈를 이야기할 수 있다.,66%,53%,0%,94%,85%,9%,2%,3%,2%,52%,8%,45%,19%,18%,10%
18,나의 차상위 리더는 회사에서 일어나는 일들을 적시에 공유한다.,70%,0%,0%,97%,86%,11%,2%,0%,2%,42%,8%,34%,33%,19%,6%
19,지난 서베이의 결과에 대해 피드백을 반영하여 조치가 취해졌다고 생각한다.,73%,0%,0%,92%,85%,8%,6%,0%,2%,31%,6%,25%,39%,20%,10%
20,나는 우리 회사가 포용적인 업무 환경을 조성하기 위해 노력한다고 생각한다.,0%,0%,0%,95%,88%,8%,2%,2%,3%,51%,8%,44%,27%,14%,7%
21,나는 우리 회사에 소속감을 느낀다.,0%,0%,0%,97%,86%,11%,0%,2%,2%,56%,12%,45%,26%,12%,5%
22,우리동료들은 업무를 수행하기 위해 같이 협업한다. (2026 NEW),-,-,0%,98%,88%,11%,0%,0%,2%,,,,,,

No,질문,Benchmark Medallia,Benchmark Chubb APAC,Benchmark Favourability,고객경험혁신본부본사 2026,,,,,,고객경험혁신본부본사 2025,,,,,
,,,,,FAV,5,4,3,2,1,FAV,5,4,3,2,1
1,나는 우리 회사를 일하기 좋은 회사로 추천할 의향이 있다.,72%,54%,52%,48%,19%,29%,43%,10%,0%,54%,11%,44%,30%,14%,1%
2,나는 우리 회사에서 일하는 것이 자랑스럽다.,73%,52%,55%,57%,24%,33%,29%,14%,0%,55%,17%,38%,34%,10%,1%
3,나에게 주어진 일은 개인적인 성취감을 가질 수 있도록 해준다.,71%,57%,57%,57%,24%,33%,29%,10%,5%,52%,10%,43%,27%,11%,9%
4,나는 우리 회사에서 앞으로 최소 12개월 이상 더 근무할 의향이 있다.,75%,75%,75%,62%,43%,19%,29%,10%,0%,77%,32%,45%,17%,3%,3%
5,조직 내에서 나의 의견은 존중받는다.,67%,61%,61%,53%,43%,10%,38%,10%,0%,64%,14%,50%,21%,11%,4%
6,나는 내 업무를 효과적으로 수행하기 위해 필요한 자료에 접근할 수 있는 권한이 있다.,72%,69%,69%,67%,29%,38%,29%,5%,0%,70%,15%,55%,23%,6%,1%
7,나는 내 업무가 우리 회사의 목표에 어떻게 기여하는지 이해하고 있다.,76%,73%,74%,71%,38%,33%,24%,5%,0%,74%,17%,55%,24%,2%,1%
8,나는 나에게 기대되는 역할에 대해 명확하게 이해하고 있다.,79%,75%,75%,66%,33%,33%,29%,0%,5%,70%,19%,50%,21%,6%,4%
9,나는 우리 회사에서 나의 역할을 수행하는데 적절한 행동이 무엇인지 이해하고 있다.,0%,79%,79%,77%,29%,48%,19%,0%,5%,74%,17%,56%,24%,2%,1%
10,나의 업무를 잘 수행하기 위해 필요한 스킬을 배울 수 있는 기회가 있다.,72%,55%,55%,48%,24%,24%,38%,10%,5%,47%,12%,35%,31%,17%,5%
11,나는 회사에서 개인적인 웰빙과 관련하여 필요할 때 편하게 지원을 요청할 수 있다. (2026 NEW),0%,52%,15%,66%,33%,33%,19%,10%,5%,32%,5%,27%,23%,21%,24%
12,우리 회사는 개인적인 웰빙에 도움이 되는 가이드와 실질적인 프로그램을 제공한다. (2026 NEW),0%,15%,37%,76%,33%,43%,14%,10%,0%,40%,8%,32%,28%,19%,13%
13,나의 매니저는 내 성과를 향상시키는 데 도움이 되는 피드백을 적시에 제공한다.,0%,37%,54%,62%,33%,29%,24%,5%,10%,46%,11%,35%,35%,11%,8%
14,나의 매니저는 내가 잘한 일을 인정해준다.,72%,53%,64%,57%,33%,24%,33%,5%,5%,59%,14%,46%,24%,10%,6%
15,나의 매니저는 내가 문제 상황을 가져갔을 때 해결하기 위해 돕는다.,76%,64%,64%,66%,33%,33%,29%,5%,0%,65%,16%,50%,24%,6%,4%
16,나는 나의 매니저와 나의 역량개발과 성장에 대해서 정기적으로 대화한다.,0%,64%,53%,62%,24%,38%,14%,19%,5%,44%,11%,33%,36%,14%,6%
17,나는 부정적인 상황에 대한 두려움 없이 문제를 제기하거나 이슈를 이야기할 수 있다.,66%,53%,0%,62%,24%,38%,19%,10%,10%,52%,8%,45%,19%,18%,10%
18,나의 차상위 리더는 회사에서 일어나는 일들을 적시에 공유한다.,70%,0%,0%,76%,43%,33%,24%,0%,0%,42%,8%,34%,33%,19%,6%
19,지난 서베이의 결과에 대해 피드백을 반영하여 조치가 취해졌다고 생각한다.,73%,0%,0%,28%,14%,14%,38%,19%,14%,31%,6%,25%,39%,20%,10%
20,나는 우리 회사가 포용적인 업무 환경을 조성하기 위해 노력한다고 생각한다.,0%,0%,0%,38%,19%,19%,29%,24%,10%,51%,8%,44%,27%,14%,7%
21,나는 우리 회사에 소속감을 느낀다.,0%,0%,0%,53%,29%,24%,19%,19%,10%,56%,12%,45%,26%,12%,5%
22,우리동료들은 업무를 수행하기 위해 같이 협업한다. (2026 NEW),-,-,0%,57%,24%,33%,29%,14%,0%,,,,,,

No,질문,Benchmark Medallia,Benchmark Chubb APAC,Benchmark Favourability,고객솔루션본부UW 2026,,,,,,고객솔루션본부UW 2025,,,,,
,,,,,FAV,5,4,3,2,1,FAV,5,4,3,2,1
1,나는 우리 회사를 일하기 좋은 회사로 추천할 의향이 있다.,72%,54%,52%,35%,6%,29%,37%,14%,14%,67%,13%,54%,25%,7%,1%
2,나는 우리 회사에서 일하는 것이 자랑스럽다.,73%,52%,55%,46%,9%,37%,40%,11%,3%,67%,17%,50%,29%,3%,1%
3,나에게 주어진 일은 개인적인 성취감을 가질 수 있도록 해준다.,71%,57%,57%,38%,9%,29%,40%,17%,6%,67%,11%,56%,25%,4%,4%
4,나는 우리 회사에서 앞으로 최소 12개월 이상 더 근무할 의향이 있다.,75%,75%,75%,37%,14%,23%,46%,14%,3%,79%,32%,47%,13%,6%,2%
5,조직 내에서 나의 의견은 존중받는다.,67%,61%,61%,43%,3%,40%,40%,14%,3%,69%,8%,61%,25%,3%,3%
6,나는 내 업무를 효과적으로 수행하기 위해 필요한 자료에 접근할 수 있는 권한이 있다.,72%,69%,69%,55%,6%,49%,40%,3%,3%,63%,17%,46%,31%,6%,0%
7,나는 내 업무가 우리 회사의 목표에 어떻게 기여하는지 이해하고 있다.,76%,73%,74%,57%,6%,51%,34%,6%,3%,78%,26%,51%,21%,2%,0%
8,나는 나에게 기대되는 역할에 대해 명확하게 이해하고 있다.,79%,75%,75%,55%,6%,49%,31%,9%,6%,83%,25%,58%,15%,2%,0%
9,나는 우리 회사에서 나의 역할을 수행하는데 적절한 행동이 무엇인지 이해하고 있다.,0%,79%,79%,17%,6%,11%,49%,31%,3%,82%,26%,56%,18%,0%,0%
10,나의 업무를 잘 수행하기 위해 필요한 스킬을 배울 수 있는 기회가 있다.,72%,55%,55%,26%,3%,23%,54%,11%,9%,50%,13%,38%,33%,14%,2%
11,나는 회사에서 개인적인 웰빙과 관련하여 필요할 때 편하게 지원을 요청할 수 있다. (2026 NEW),0%,52%,15%,29%,6%,23%,31%,23%,17%,29%,11%,18%,25%,32%,14%
12,우리 회사는 개인적인 웰빙에 도움이 되는 가이드와 실질적인 프로그램을 제공한다. (2026 NEW),0%,15%,37%,31%,14%,17%,43%,14%,11%,49%,14%,35%,32%,13%,6%
13,나의 매니저는 내 성과를 향상시키는 데 도움이 되는 피드백을 적시에 제공한다.,0%,37%,54%,32%,6%,26%,49%,11%,9%,58%,18%,40%,28%,8%,6%
14,나의 매니저는 내가 잘한 일을 인정해준다.,72%,53%,64%,46%,6%,40%,37%,6%,11%,65%,25%,40%,24%,10%,1%
15,나의 매니저는 내가 문제 상황을 가져갔을 때 해결하기 위해 돕는다.,76%,64%,64%,37%,11%,26%,37%,20%,6%,69%,26%,43%,19%,10%,2%
16,나는 나의 매니저와 나의 역량개발과 성장에 대해서 정기적으로 대화한다.,0%,64%,53%,35%,6%,29%,49%,9%,9%,50%,18%,32%,33%,13%,4%
17,나는 부정적인 상황에 대한 두려움 없이 문제를 제기하거나 이슈를 이야기할 수 있다.,66%,53%,0%,40%,3%,37%,51%,6%,3%,54%,17%,38%,24%,18%,3%
18,나의 차상위 리더는 회사에서 일어나는 일들을 적시에 공유한다.,70%,0%,0%,37%,6%,31%,40%,11%,11%,47%,13%,35%,31%,17%,4%
19,지난 서베이의 결과에 대해 피드백을 반영하여 조치가 취해졌다고 생각한다.,73%,0%,0%,20%,3%,17%,46%,17%,17%,35%,8%,26%,39%,21%,6%
20,나는 우리 회사가 포용적인 업무 환경을 조성하기 위해 노력한다고 생각한다.,0%,0%,0%,20%,3%,17%,43%,17%,20%,46%,13%,33%,42%,10%,2%
21,나는 우리 회사에 소속감을 느낀다.,0%,0%,0%,37%,3%,34%,46%,11%,6%,56%,13%,43%,32%,13%,-1%
22,우리동료들은 업무를 수행하기 위해 같이 협업한다. (2026 NEW),-,-,0%,49%,9%,40%,31%,11%,9%,,,,,,

No,질문,Benchmark Medallia,Benchmark Chubb APAC,Benchmark Favourability,고객솔루션본부상품/헬스 2026,,,,,,고객솔루션본부상품/헬스 2025,,,,,
,,,,,FAV,5,4,3,2,1,FAV,5,4,3,2,1
1,나는 우리 회사를 일하기 좋은 회사로 추천할 의향이 있다.,72%,54%,52%,61%,14%,47%,19%,21%,0%,67%,13%,54%,25%,7%,1%
2,나는 우리 회사에서 일하는 것이 자랑스럽다.,73%,52%,55%,63%,12%,51%,23%,14%,0%,67%,17%,50%,29%,3%,1%
3,나에게 주어진 일은 개인적인 성취감을 가질 수 있도록 해준다.,71%,57%,57%,65%,23%,42%,21%,7%,7%,67%,11%,56%,25%,4%,4%
4,나는 우리 회사에서 앞으로 최소 12개월 이상 더 근무할 의향이 있다.,75%,75%,75%,72%,37%,35%,23%,5%,0%,79%,32%,47%,13%,6%,2%
5,조직 내에서 나의 의견은 존중받는다.,67%,61%,61%,70%,21%,49%,19%,9%,2%,69%,8%,61%,25%,3%,3%
6,나는 내 업무를 효과적으로 수행하기 위해 필요한 자료에 접근할 수 있는 권한이 있다.,72%,69%,69%,72%,19%,53%,19%,5%,5%,63%,17%,46%,31%,6%,0%
7,나는 내 업무가 우리 회사의 목표에 어떻게 기여하는지 이해하고 있다.,76%,73%,74%,77%,33%,44%,21%,2%,0%,78%,26%,51%,21%,2%,0%
8,나는 나에게 기대되는 역할에 대해 명확하게 이해하고 있다.,79%,75%,75%,77%,35%,42%,21%,2%,0%,83%,25%,58%,15%,2%,0%
9,나는 우리 회사에서 나의 역할을 수행하는데 적절한 행동이 무엇인지 이해하고 있다.,0%,79%,79%,72%,30%,42%,26%,2%,0%,82%,26%,56%,18%,0%,0%
10,나의 업무를 잘 수행하기 위해 필요한 스킬을 배울 수 있는 기회가 있다.,72%,55%,55%,59%,19%,40%,21%,7%,14%,50%,13%,38%,33%,14%,2%
11,나는 회사에서 개인적인 웰빙과 관련하여 필요할 때 편하게 지원을 요청할 수 있다. (2026 NEW),0%,52%,15%,51%,9%,42%,33%,14%,2%,29%,11%,18%,25%,32%,14%
12,우리 회사는 개인적인 웰빙에 도움이 되는 가이드와 실질적인 프로그램을 제공한다. (2026 NEW),0%,15%,37%,63%,14%,49%,30%,7%,0%,49%,14%,35%,32%,13%,6%
13,나의 매니저는 내 성과를 향상시키는 데 도움이 되는 피드백을 적시에 제공한다.,0%,37%,54%,77%,28%,49%,5%,9%,9%,58%,18%,40%,28%,8%,6%
14,나의 매니저는 내가 잘한 일을 인정해준다.,72%,53%,64%,77%,37%,40%,9%,5%,9%,65%,25%,40%,24%,10%,1%
15,나의 매니저는 내가 문제 상황을 가져갔을 때 해결하기 위해 돕는다.,76%,64%,64%,77%,35%,42%,12%,5%,7%,69%,26%,43%,19%,10%,2%
16,나는 나의 매니저와 나의 역량개발과 성장에 대해서 정기적으로 대화한다.,0%,64%,53%,70%,26%,44%,12%,12%,7%,50%,18%,32%,33%,13%,4%
17,나는 부정적인 상황에 대한 두려움 없이 문제를 제기하거나 이슈를 이야기할 수 있다.,66%,53%,0%,63%,28%,35%,19%,9%,9%,54%,17%,38%,24%,18%,3%
18,나의 차상위 리더는 회사에서 일어나는 일들을 적시에 공유한다.,70%,0%,0%,67%,23%,44%,9%,9%,14%,47%,13%,35%,31%,17%,4%
19,지난 서베이의 결과에 대해 피드백을 반영하여 조치가 취해졌다고 생각한다.,73%,0%,0%,32%,2%,30%,44%,9%,14%,35%,8%,26%,39%,21%,6%
20,나는 우리 회사가 포용적인 업무 환경을 조성하기 위해 노력한다고 생각한다.,0%,0%,0%,45%,12%,33%,28%,14%,14%,46%,13%,33%,42%,10%,2%
21,나는 우리 회사에 소속감을 느낀다.,0%,0%,0%,45%,19%,26%,35%,16%,5%,56%,13%,43%,32%,13%,-1%
22,우리동료들은 업무를 수행하기 위해 같이 협업한다. (2026 NEW),-,-,0%,61%,26%,35%,23%,9%,7%,,,,,,

No,질문,Benchmark Medallia,Benchmark Chubb APAC,Benchmark Favourability,대면영업지원본부 2026,,,,,,대면영업지원본부 2025,,,,,
,,,,,FAV,5,4,3,2,1,FAV,5,4,3,2,1
1,나는 우리 회사를 일하기 좋은 회사로 추천할 의향이 있다.,72%,54%,52%,66%,23%,43%,23%,9%,3%,72%,31%,38%,26%,5%,0%
2,나는 우리 회사에서 일하는 것이 자랑스럽다.,73%,52%,55%,71%,29%,43%,26%,0%,3%,76%,37%,39%,21%,3%,0%
3,나에게 주어진 일은 개인적인 성취감을 가질 수 있도록 해준다.,71%,57%,57%,74%,26%,49%,17%,3%,6%,72%,37%,35%,24%,4%,0%
4,나는 우리 회사에서 앞으로 최소 12개월 이상 더 근무할 의향이 있다.,75%,75%,75%,83%,40%,43%,11%,3%,3%,87%,55%,31%,11%,3%,0%
5,조직 내에서 나의 의견은 존중받는다.,67%,61%,61%,66%,31%,34%,23%,6%,6%,67%,29%,39%,21%,9%,2%
6,나는 내 업무를 효과적으로 수행하기 위해 필요한 자료에 접근할 수 있는 권한이 있다.,72%,69%,69%,69%,14%,54%,26%,3%,3%,67%,18%,49%,27%,6%,0%
7,나는 내 업무가 우리 회사의 목표에 어떻게 기여하는지 이해하고 있다.,76%,73%,74%,86%,31%,54%,6%,6%,3%,94%,36%,58%,5%,1%,0%
8,나는 나에게 기대되는 역할에 대해 명확하게 이해하고 있다.,79%,75%,75%,83%,29%,54%,9%,6%,3%,90%,37%,53%,8%,2%,0%
9,나는 우리 회사에서 나의 역할을 수행하는데 적절한 행동이 무엇인지 이해하고 있다.,0%,79%,79%,89%,20%,69%,9%,0%,3%,96%,31%,64%,4%,1%,0%
10,나의 업무를 잘 수행하기 위해 필요한 스킬을 배울 수 있는 기회가 있다.,72%,55%,55%,57%,6%,51%,34%,3%,6%,55%,16%,39%,28%,12%,5%
11,나는 회사에서 개인적인 웰빙과 관련하여 필요할 때 편하게 지원을 요청할 수 있다. (2026 NEW),0%,52%,15%,49%,14%,34%,37%,11%,3%,27%,15%,12%,20%,28%,25%
12,우리 회사는 개인적인 웰빙에 도움이 되는 가이드와 실질적인 프로그램을 제공한다. (2026 NEW),0%,15%,37%,63%,14%,49%,34%,0%,3%,37%,12%,25%,35%,20%,8%
13,나의 매니저는 내 성과를 향상시키는 데 도움이 되는 피드백을 적시에 제공한다.,0%,37%,54%,69%,40%,29%,17%,6%,9%,65%,22%,43%,17%,12%,6%
14,나의 매니저는 내가 잘한 일을 인정해준다.,72%,53%,64%,74%,37%,37%,9%,11%,6%,60%,28%,31%,22%,12%,7%
15,나의 매니저는 내가 문제 상황을 가져갔을 때 해결하기 위해 돕는다.,76%,64%,64%,74%,40%,34%,14%,6%,6%,70%,33%,37%,20%,6%,4%
16,나는 나의 매니저와 나의 역량개발과 성장에 대해서 정기적으로 대화한다.,0%,64%,53%,69%,20%,49%,17%,3%,11%,63%,25%,38%,21%,10%,6%
17,나는 부정적인 상황에 대한 두려움 없이 문제를 제기하거나 이슈를 이야기할 수 있다.,66%,53%,0%,69%,17%,51%,14%,11%,6%,58%,20%,38%,16%,21%,6%
18,나의 차상위 리더는 회사에서 일어나는 일들을 적시에 공유한다.,70%,0%,0%,63%,26%,37%,26%,6%,6%,66%,29%,37%,19%,10%,5%
19,지난 서베이의 결과에 대해 피드백을 반영하여 조치가 취해졌다고 생각한다.,73%,0%,0%,43%,9%,34%,29%,20%,9%,44%,17%,27%,38%,13%,5%
20,나는 우리 회사가 포용적인 업무 환경을 조성하기 위해 노력한다고 생각한다.,0%,0%,0%,49%,9%,40%,26%,20%,6%,58%,19%,39%,30%,10%,2%
21,나는 우리 회사에 소속감을 느낀다.,0%,0%,0%,69%,17%,51%,17%,11%,3%,72%,34%,38%,22%,6%,0%
22,우리동료들은 업무를 수행하기 위해 같이 협업한다. (2026 NEW),-,-,0%,71%,17%,54%,11%,9%,9%,,,,,,

No,질문,Benchmark Medallia,Benchmark Chubb APAC,Benchmark Favourability,법무/준법/감사/대외협력 2026,,,,,,법무/준법/감사/대외협력 2025,,,,,
,,,,,FAV,5,4,3,2,1,FAV,5,4,3,2,1
1,나는 우리 회사를 일하기 좋은 회사로 추천할 의향이 있다.,72%,54%,52%,62%,19%,43%,22%,8%,8%,78%,24%,54%,17%,5%,0%
2,나는 우리 회사에서 일하는 것이 자랑스럽다.,73%,52%,55%,70%,27%,43%,19%,5%,5%,76%,24%,52%,17%,4%,3%
3,나에게 주어진 일은 개인적인 성취감을 가질 수 있도록 해준다.,71%,57%,57%,68%,22%,46%,11%,16%,5%,61%,22%,39%,24%,9%,6%
4,나는 우리 회사에서 앞으로 최소 12개월 이상 더 근무할 의향이 있다.,75%,75%,75%,81%,46%,35%,14%,0%,5%,89%,46%,43%,9%,0%,2%
5,조직 내에서 나의 의견은 존중받는다.,67%,61%,61%,84%,38%,46%,8%,3%,5%,74%,28%,46%,20%,4%,2%
6,나는 내 업무를 효과적으로 수행하기 위해 필요한 자료에 접근할 수 있는 권한이 있다.,72%,69%,69%,65%,24%,41%,16%,19%,0%,78%,13%,65%,13%,9%,0%
7,나는 내 업무가 우리 회사의 목표에 어떻게 기여하는지 이해하고 있다.,76%,73%,74%,70%,30%,41%,22%,5%,3%,83%,28%,54%,15%,3%,0%
8,나는 나에게 기대되는 역할에 대해 명확하게 이해하고 있다.,79%,75%,75%,76%,35%,41%,11%,11%,3%,80%,24%,56%,13%,7%,0%
9,나는 우리 회사에서 나의 역할을 수행하는데 적절한 행동이 무엇인지 이해하고 있다.,0%,79%,79%,86%,35%,51%,11%,3%,0%,87%,26%,61%,11%,2%,0%
10,나의 업무를 잘 수행하기 위해 필요한 스킬을 배울 수 있는 기회가 있다.,72%,55%,55%,59%,24%,35%,32%,5%,3%,63%,11%,52%,20%,13%,4%
11,나는 회사에서 개인적인 웰빙과 관련하여 필요할 때 편하게 지원을 요청할 수 있다. (2026 NEW),0%,52%,15%,65%,14%,51%,30%,0%,5%,59%,24%,35%,9%,27%,5%
12,우리 회사는 개인적인 웰빙에 도움이 되는 가이드와 실질적인 프로그램을 제공한다. (2026 NEW),0%,15%,37%,81%,19%,62%,16%,3%,0%,70%,20%,50%,15%,11%,4%
13,나의 매니저는 내 성과를 향상시키는 데 도움이 되는 피드백을 적시에 제공한다.,0%,37%,54%,81%,27%,54%,14%,5%,0%,67%,24%,43%,17%,11%,5%
14,나의 매니저는 내가 잘한 일을 인정해준다.,72%,53%,64%,84%,30%,54%,8%,5%,3%,72%,26%,46%,15%,11%,2%
15,나의 매니저는 내가 문제 상황을 가져갔을 때 해결하기 위해 돕는다.,76%,64%,64%,86%,32%,54%,8%,5%,0%,85%,26%,59%,3%,7%,5%
16,나는 나의 매니저와 나의 역량개발과 성장에 대해서 정기적으로 대화한다.,0%,64%,53%,65%,22%,43%,19%,14%,3%,57%,22%,35%,28%,9%,6%
17,나는 부정적인 상황에 대한 두려움 없이 문제를 제기하거나 이슈를 이야기할 수 있다.,66%,53%,0%,70%,19%,51%,16%,5%,8%,63%,17%,46%,17%,15%,5%
18,나의 차상위 리더는 회사에서 일어나는 일들을 적시에 공유한다.,70%,0%,0%,76%,19%,57%,16%,5%,3%,63%,17%,46%,17%,15%,5%
19,지난 서베이의 결과에 대해 피드백을 반영하여 조치가 취해졌다고 생각한다.,73%,0%,0%,43%,11%,32%,32%,22%,3%,41%,15%,26%,41%,7%,11%
20,나는 우리 회사가 포용적인 업무 환경을 조성하기 위해 노력한다고 생각한다.,0%,0%,0%,49%,16%,32%,35%,5%,11%,72%,20%,52%,20%,7%,1%
21,나는 우리 회사에 소속감을 느낀다.,0%,0%,0%,76%,16%,59%,11%,8%,5%,76%,30%,46%,22%,0%,2%
22,우리동료들은 업무를 수행하기 위해 같이 협업한다. (2026 NEW),-,-,0%,59%,16%,43%,24%,8%,8%,,,,,,

No,질문,Benchmark Medallia,Benchmark Chubb APAC,Benchmark Favourability,소비자보호본부 2026,,,,,,소비자보호본부 2025,,,,,
,,,,,FAV,5,4,3,2,1,FAV,5,4,3,2,1
1,나는 우리 회사를 일하기 좋은 회사로 추천할 의향이 있다.,72%,54%,52%,48%,14%,33%,43%,5%,5%,78%,24%,54%,17%,5%,0%
2,나는 우리 회사에서 일하는 것이 자랑스럽다.,73%,52%,55%,52%,14%,38%,43%,5%,0%,76%,24%,52%,17%,4%,3%
3,나에게 주어진 일은 개인적인 성취감을 가질 수 있도록 해준다.,71%,57%,57%,48%,14%,33%,43%,10%,0%,61%,22%,39%,24%,9%,6%
4,나는 우리 회사에서 앞으로 최소 12개월 이상 더 근무할 의향이 있다.,75%,75%,75%,67%,33%,33%,24%,10%,0%,89%,46%,43%,9%,0%,2%
5,조직 내에서 나의 의견은 존중받는다.,67%,61%,61%,52%,14%,38%,43%,5%,0%,74%,28%,46%,20%,4%,2%
6,나는 내 업무를 효과적으로 수행하기 위해 필요한 자료에 접근할 수 있는 권한이 있다.,72%,69%,69%,57%,14%,43%,43%,0%,0%,78%,13%,65%,13%,9%,0%
7,나는 내 업무가 우리 회사의 목표에 어떻게 기여하는지 이해하고 있다.,76%,73%,74%,62%,14%,48%,33%,5%,0%,83%,28%,54%,15%,3%,0%
8,나는 나에게 기대되는 역할에 대해 명확하게 이해하고 있다.,79%,75%,75%,57%,14%,43%,43%,0%,0%,80%,24%,56%,13%,7%,0%
9,나는 우리 회사에서 나의 역할을 수행하는데 적절한 행동이 무엇인지 이해하고 있다.,0%,79%,79%,67%,14%,52%,33%,0%,0%,87%,26%,61%,11%,2%,0%
10,나의 업무를 잘 수행하기 위해 필요한 스킬을 배울 수 있는 기회가 있다.,72%,55%,55%,52%,5%,48%,33%,5%,10%,63%,11%,52%,20%,13%,4%
11,나는 회사에서 개인적인 웰빙과 관련하여 필요할 때 편하게 지원을 요청할 수 있다. (2026 NEW),0%,52%,15%,38%,14%,24%,52%,5%,5%,59%,24%,35%,9%,27%,5%
12,우리 회사는 개인적인 웰빙에 도움이 되는 가이드와 실질적인 프로그램을 제공한다. (2026 NEW),0%,15%,37%,52%,14%,38%,38%,10%,0%,70%,20%,50%,15%,11%,4%
13,나의 매니저는 내 성과를 향상시키는 데 도움이 되는 피드백을 적시에 제공한다.,0%,37%,54%,43%,10%,33%,48%,5%,5%,67%,24%,43%,17%,11%,5%
14,나의 매니저는 내가 잘한 일을 인정해준다.,72%,53%,64%,52%,14%,38%,38%,5%,5%,72%,26%,46%,15%,11%,2%
15,나의 매니저는 내가 문제 상황을 가져갔을 때 해결하기 위해 돕는다.,76%,64%,64%,52%,14%,38%,38%,10%,0%,85%,26%,59%,3%,7%,5%
16,나는 나의 매니저와 나의 역량개발과 성장에 대해서 정기적으로 대화한다.,0%,64%,53%,43%,10%,33%,43%,5%,10%,57%,22%,35%,28%,9%,6%
17,나는 부정적인 상황에 대한 두려움 없이 문제를 제기하거나 이슈를 이야기할 수 있다.,66%,53%,0%,52%,14%,38%,29%,19%,0%,63%,17%,46%,17%,15%,5%
18,나의 차상위 리더는 회사에서 일어나는 일들을 적시에 공유한다.,70%,0%,0%,43%,10%,33%,43%,10%,5%,63%,17%,46%,17%,15%,5%
19,지난 서베이의 결과에 대해 피드백을 반영하여 조치가 취해졌다고 생각한다.,73%,0%,0%,24%,5%,19%,62%,10%,5%,41%,15%,26%,41%,7%,11%
20,나는 우리 회사가 포용적인 업무 환경을 조성하기 위해 노력한다고 생각한다.,0%,0%,0%,38%,10%,29%,38%,19%,5%,72%,20%,52%,20%,7%,1%
21,나는 우리 회사에 소속감을 느낀다.,0%,0%,0%,43%,10%,33%,43%,10%,5%,76%,30%,46%,22%,0%,2%
22,우리동료들은 업무를 수행하기 위해 같이 협업한다. (2026 NEW),-,-,0%,43%,10%,33%,52%,0%,5%,,,,,,

No,질문,Benchmark Medallia,Benchmark Chubb APAC,Benchmark Favourability,인사관리부문 2026,,,,,,인사관리부문 2025,,,,,
,,,,,FAV,5,4,3,2,1,FAV,5,4,3,2,1
1,나는 우리 회사를 일하기 좋은 회사로 추천할 의향이 있다.,72%,54%,52%,73%,23%,50%,27%,0%,0%,67%,23%,43%,27%,7%,0%
2,나는 우리 회사에서 일하는 것이 자랑스럽다.,73%,52%,55%,73%,31%,42%,27%,0%,0%,77%,30%,47%,20%,3%,0%
3,나에게 주어진 일은 개인적인 성취감을 가질 수 있도록 해준다.,71%,57%,57%,69%,42%,27%,15%,15%,0%,77%,40%,37%,20%,3%,0%
4,나는 우리 회사에서 앞으로 최소 12개월 이상 더 근무할 의향이 있다.,75%,75%,75%,69%,42%,27%,27%,4%,0%,90%,47%,43%,7%,3%,0%
5,조직 내에서 나의 의견은 존중받는다.,67%,61%,61%,73%,42%,31%,27%,0%,0%,83%,40%,43%,17%,0%,0%
6,나는 내 업무를 효과적으로 수행하기 위해 필요한 자료에 접근할 수 있는 권한이 있다.,72%,69%,69%,73%,19%,54%,23%,4%,0%,83%,30%,53%,17%,0%,0%
7,나는 내 업무가 우리 회사의 목표에 어떻게 기여하는지 이해하고 있다.,76%,73%,74%,77%,38%,38%,19%,4%,0%,77%,40%,37%,23%,0%,0%
8,나는 나에게 기대되는 역할에 대해 명확하게 이해하고 있다.,79%,75%,75%,69%,46%,23%,27%,4%,0%,90%,33%,57%,10%,0%,0%
9,나는 우리 회사에서 나의 역할을 수행하는데 적절한 행동이 무엇인지 이해하고 있다.,0%,79%,79%,81%,46%,35%,15%,4%,0%,100%,43%,57%,0%,0%,0%
10,나의 업무를 잘 수행하기 위해 필요한 스킬을 배울 수 있는 기회가 있다.,72%,55%,55%,65%,35%,31%,19%,12%,4%,70%,27%,43%,23%,7%,0%
11,나는 회사에서 개인적인 웰빙과 관련하여 필요할 때 편하게 지원을 요청할 수 있다. (2026 NEW),0%,52%,15%,69%,35%,35%,31%,0%,0%,43%,13%,30%,17%,20%,20%
12,우리 회사는 개인적인 웰빙에 도움이 되는 가이드와 실질적인 프로그램을 제공한다. (2026 NEW),0%,15%,37%,85%,42%,42%,15%,0%,0%,67%,10%,57%,17%,7%,9%
13,나의 매니저는 내 성과를 향상시키는 데 도움이 되는 피드백을 적시에 제공한다.,0%,37%,54%,65%,35%,31%,27%,4%,4%,73%,33%,40%,20%,7%,0%
14,나의 매니저는 내가 잘한 일을 인정해준다.,72%,53%,64%,73%,42%,31%,15%,12%,0%,90%,47%,43%,7%,3%,0%
15,나의 매니저는 내가 문제 상황을 가져갔을 때 해결하기 위해 돕는다.,76%,64%,64%,73%,42%,31%,15%,12%,0%,93%,40%,53%,3%,4%,0%
16,나는 나의 매니저와 나의 역량개발과 성장에 대해서 정기적으로 대화한다.,0%,64%,53%,62%,35%,27%,27%,12%,0%,73%,37%,37%,17%,7%,2%
17,나는 부정적인 상황에 대한 두려움 없이 문제를 제기하거나 이슈를 이야기할 수 있다.,66%,53%,0%,77%,27%,50%,15%,8%,0%,77%,23%,53%,13%,10%,1%
18,나의 차상위 리더는 회사에서 일어나는 일들을 적시에 공유한다.,70%,0%,0%,69%,31%,38%,19%,12%,0%,77%,23%,53%,13%,10%,1%
19,지난 서베이의 결과에 대해 피드백을 반영하여 조치가 취해졌다고 생각한다.,73%,0%,0%,58%,27%,31%,35%,8%,0%,60%,13%,47%,23%,17%,0%
20,나는 우리 회사가 포용적인 업무 환경을 조성하기 위해 노력한다고 생각한다.,0%,0%,0%,62%,31%,31%,27%,12%,0%,73%,43%,30%,20%,3%,4%
21,나는 우리 회사에 소속감을 느낀다.,0%,0%,0%,65%,38%,27%,23%,12%,0%,67%,20%,47%,20%,13%,0%
22,우리동료들은 업무를 수행하기 위해 같이 협업한다. (2026 NEW),-,-,0%,65%,35%,31%,27%,8%,0%,,,,,,

No,질문,Benchmark Medallia,Benchmark Chubb APAC,Benchmark Favourability,재무관리회계투자본부 2026,,,,,,재무관리회계투자본부 2025,,,,,
,,,,,FAV,5,4,3,2,1,FAV,5,4,3,2,1
1,나는 우리 회사를 일하기 좋은 회사로 추천할 의향이 있다.,72%,54%,52%,57%,17%,39%,33%,9%,2%,66%,22%,44%,22%,9%,3%
2,나는 우리 회사에서 일하는 것이 자랑스럽다.,73%,52%,55%,50%,17%,33%,43%,4%,2%,57%,21%,36%,34%,7%,2%
3,나에게 주어진 일은 개인적인 성취감을 가질 수 있도록 해준다.,71%,57%,57%,65%,15%,50%,22%,13%,0%,64%,20%,44%,29%,4%,3%
4,나는 우리 회사에서 앞으로 최소 12개월 이상 더 근무할 의향이 있다.,75%,75%,75%,67%,30%,37%,26%,2%,4%,80%,37%,43%,18%,1%,1%
5,조직 내에서 나의 의견은 존중받는다.,67%,61%,61%,74%,28%,46%,17%,9%,0%,80%,25%,55%,12%,5%,3%
6,나는 내 업무를 효과적으로 수행하기 위해 필요한 자료에 접근할 수 있는 권한이 있다.,72%,69%,69%,78%,20%,59%,17%,4%,0%,81%,25%,56%,13%,4%,2%
7,나는 내 업무가 우리 회사의 목표에 어떻게 기여하는지 이해하고 있다.,76%,73%,74%,85%,30%,54%,13%,2%,0%,80%,31%,49%,19%,1%,0%
8,나는 나에게 기대되는 역할에 대해 명확하게 이해하고 있다.,79%,75%,75%,67%,28%,39%,24%,7%,2%,81%,29%,53%,16%,2%,0%
9,나는 우리 회사에서 나의 역할을 수행하는데 적절한 행동이 무엇인지 이해하고 있다.,0%,79%,79%,76%,26%,50%,22%,2%,0%,84%,29%,55%,15%,1%,0%
10,나의 업무를 잘 수행하기 위해 필요한 스킬을 배울 수 있는 기회가 있다.,72%,55%,55%,52%,13%,39%,33%,15%,0%,64%,21%,43%,26%,8%,2%
11,나는 회사에서 개인적인 웰빙과 관련하여 필요할 때 편하게 지원을 요청할 수 있다. (2026 NEW),0%,52%,15%,59%,17%,41%,28%,9%,4%,32%,9%,23%,23%,25%,20%
12,우리 회사는 개인적인 웰빙에 도움이 되는 가이드와 실질적인 프로그램을 제공한다. (2026 NEW),0%,15%,37%,54%,13%,41%,37%,7%,2%,56%,12%,44%,30%,11%,3%
13,나의 매니저는 내 성과를 향상시키는 데 도움이 되는 피드백을 적시에 제공한다.,0%,37%,54%,63%,15%,48%,26%,9%,2%,59%,16%,43%,27%,9%,5%
14,나의 매니저는 내가 잘한 일을 인정해준다.,72%,53%,64%,63%,20%,43%,26%,11%,0%,74%,25%,48%,18%,4%,5%
15,나의 매니저는 내가 문제 상황을 가져갔을 때 해결하기 위해 돕는다.,76%,64%,64%,74%,17%,57%,20%,4%,2%,77%,30%,47%,13%,5%,5%
16,나는 나의 매니저와 나의 역량개발과 성장에 대해서 정기적으로 대화한다.,0%,64%,53%,54%,11%,43%,33%,11%,2%,60%,15%,45%,24%,8%,8%
17,나는 부정적인 상황에 대한 두려움 없이 문제를 제기하거나 이슈를 이야기할 수 있다.,66%,53%,0%,65%,17%,48%,22%,11%,2%,73%,16%,56%,14%,9%,5%
18,나의 차상위 리더는 회사에서 일어나는 일들을 적시에 공유한다.,70%,0%,0%,59%,13%,46%,33%,2%,7%,60%,20%,41%,22%,12%,5%
19,지난 서베이의 결과에 대해 피드백을 반영하여 조치가 취해졌다고 생각한다.,73%,0%,0%,22%,9%,13%,52%,17%,9%,35%,10%,25%,44%,14%,7%
20,나는 우리 회사가 포용적인 업무 환경을 조성하기 위해 노력한다고 생각한다.,0%,0%,0%,41%,11%,30%,33%,15%,11%,56%,16%,40%,32%,9%,3%
21,나는 우리 회사에 소속감을 느낀다.,0%,0%,0%,39%,9%,30%,43%,13%,4%,55%,18%,37%,36%,7%,2%
22,우리동료들은 업무를 수행하기 위해 같이 협업한다. (2026 NEW),-,-,0%,67%,11%,57%,22%,7%,4%,,,,,,

No,질문,Benchmark Medallia,Benchmark Chubb APAC,Benchmark Favourability,채널전략본부 2026,,,,,,채널전략본부 2025,,,,,
,,,,,FAV,5,4,3,2,1,FAV,5,4,3,2,1
1,나는 우리 회사를 일하기 좋은 회사로 추천할 의향이 있다.,72%,54%,52%,38%,12%,27%,50%,8%,4%,63%,21%,41%,30%,5%,3%
2,나는 우리 회사에서 일하는 것이 자랑스럽다.,73%,52%,55%,54%,12%,42%,42%,0,4%,61%,21%,39%,32%,7%,1%
3,나에게 주어진 일은 개인적인 성취감을 가질 수 있도록 해준다.,71%,57%,57%,46%,4%,42%,50%,4%,0%,61%,21%,39%,32%,7%,1%
4,나는 우리 회사에서 앞으로 최소 12개월 이상 더 근무할 의향이 있다.,75%,75%,75%,73%,42%,31%,19%,4%,4%,77%,39%,38%,18%,3%,2%
5,조직 내에서 나의 의견은 존중받는다.,67%,61%,61%,69%,19%,50%,19%,8%,4%,73%,29%,45%,21%,5%,0%
6,나는 내 업무를 효과적으로 수행하기 위해 필요한 자료에 접근할 수 있는 권한이 있다.,72%,69%,69%,73%,19%,54%,23%,4%,0%,63%,21%,41%,32%,4%,2%
7,나는 내 업무가 우리 회사의 목표에 어떻게 기여하는지 이해하고 있다.,76%,73%,74%,88%,19%,69%,12%,0%,0%,80%,38%,43%,20%,0%,0%
8,나는 나에게 기대되는 역할에 대해 명확하게 이해하고 있다.,79%,75%,75%,77%,19%,58%,12%,12%,0%,73%,30%,43%,25%,2%,0%
9,나는 우리 회사에서 나의 역할을 수행하는데 적절한 행동이 무엇인지 이해하고 있다.,0%,79%,79%,85%,15%,69%,12%,4%,0%,80%,27%,54%,16%,3%,0%
10,나의 업무를 잘 수행하기 위해 필요한 스킬을 배울 수 있는 기회가 있다.,72%,55%,55%,42%,12%,31%,46%,12%,0%,43%,20%,23%,48%,7%,2%
11,나는 회사에서 개인적인 웰빙과 관련하여 필요할 때 편하게 지원을 요청할 수 있다. (2026 NEW),0%,52%,15%,58%,15%,42%,35%,4%,4%,29%,11%,18%,34%,27%,10%
12,우리 회사는 개인적인 웰빙에 도움이 되는 가이드와 실질적인 프로그램을 제공한다. (2026 NEW),0%,15%,37%,54%,15%,38%,35%,4%,8%,43%,9%,34%,30%,25%,2%
13,나의 매니저는 내 성과를 향상시키는 데 도움이 되는 피드백을 적시에 제공한다.,0%,37%,54%,69%,23%,46%,15%,15%,0%,64%,23%,41%,25%,7%,4%
14,나의 매니저는 내가 잘한 일을 인정해준다.,72%,53%,64%,73%,12%,62%,19%,8%,0%,68%,32%,36%,23%,7%,2%
15,나의 매니저는 내가 문제 상황을 가져갔을 때 해결하기 위해 돕는다.,76%,64%,64%,73%,35%,38%,19%,8%,0%,79%,32%,46%,20%,0%,2%
16,나는 나의 매니저와 나의 역량개발과 성장에 대해서 정기적으로 대화한다.,0%,64%,53%,65%,23%,42%,27%,4%,4%,55%,18%,38%,32%,7%,5%
17,나는 부정적인 상황에 대한 두려움 없이 문제를 제기하거나 이슈를 이야기할 수 있다.,66%,53%,0%,73%,27%,46%,15%,12%,0%,66%,25%,41%,25%,9%,0%
18,나의 차상위 리더는 회사에서 일어나는 일들을 적시에 공유한다.,70%,0%,0%,46%,8%,38%,23%,23%,8%,73%,23%,50%,14%,7%,6%
19,지난 서베이의 결과에 대해 피드백을 반영하여 조치가 취해졌다고 생각한다.,73%,0%,0%,23%,0%,23%,46%,31%,15%,35%,11%,24%,47%,13%,5%
20,나는 우리 회사가 포용적인 업무 환경을 조성하기 위해 노력한다고 생각한다.,0%,0%,0%,38%,12%,27%,54%,8%,0%,57%,18%,39%,34%,4%,5%
21,나는 우리 회사에 소속감을 느낀다.,0%,0%,0%,54%,12%,42%,42%,4%,0%,71%,29%,43%,27%,1%,0%
22,우리동료들은 업무를 수행하기 위해 같이 협업한다. (2026 NEW),-,-,0%,54%,12%,42%,42%,4%,0%,,,,,,